INSERT INTO algorithm_types (id, name, signature) VALUES
('de999b85-c476-47e2-8950-45a4174b0dc7', 'betweenness_centrality', 'Map<Integer, Double>'),
('3eebbcc9-e33f-46fa-b0de-a5c4d52840d6', 'katz_centrality', 'Map<Integer, Double>'),
('0da9b871-c35a-40df-a10f-52a7312f6cc0', 'another_type', 'List<Integer>');

INSERT INTO datasets(ID, FILE_NAME, DIRECTED, WEIGHTED, CATEGORY) VALUES
('70cbe3e8-d6fa-4f2d-9903-8967b1f40bdf', 'undirected1', false, false, 'undirected'),
('8b9e1b72-4a34-4631-ab99-ad1aeed16764', 'undirected2', false, false, 'undirected'),
('27005572-7230-4944-a04c-049e8544ea7a', 'undirected3', false, false, 'undirected'),

('7f62e93f-5f3d-489a-a7ca-22218506e46a', 'undirected4', false, false, 'undirected'),
('96a055cc-74d4-4468-87ad-35120eb8d054', 'undirected5', false, false, 'undirected'),
('bc85fd52-7e1b-4189-98af-f8929779aae5', 'undirected6', false, false, 'undirected'),

('240f3f33-9b1c-4dd9-b2a6-0b89dfab3c65', 'undirected7', false, false, 'undirected'),
('7d2d744d-fa0b-4199-b96c-519892f95e89', 'undirected8', false, false, 'undirected'),
('4b80d4ec-cb47-44a3-9bb6-8175d5dadf63', 'undirected9', false, false, 'undirected');

INSERT INTO dataset_algorithm_type (dataset_id, algorithm_type_id)
VALUES
   -- BETWEENNESS_CENTRALITY
  ('70cbe3e8-d6fa-4f2d-9903-8967b1f40bdf', 'de999b85-c476-47e2-8950-45a4174b0dc7'),
  ('8b9e1b72-4a34-4631-ab99-ad1aeed16764', 'de999b85-c476-47e2-8950-45a4174b0dc7'),
  ('27005572-7230-4944-a04c-049e8544ea7a', 'de999b85-c476-47e2-8950-45a4174b0dc7'),
  ('7f62e93f-5f3d-489a-a7ca-22218506e46a', 'de999b85-c476-47e2-8950-45a4174b0dc7'),
  ('96a055cc-74d4-4468-87ad-35120eb8d054', 'de999b85-c476-47e2-8950-45a4174b0dc7'),
  ('bc85fd52-7e1b-4189-98af-f8929779aae5', 'de999b85-c476-47e2-8950-45a4174b0dc7'),
  ('240f3f33-9b1c-4dd9-b2a6-0b89dfab3c65', 'de999b85-c476-47e2-8950-45a4174b0dc7'),
  ('7d2d744d-fa0b-4199-b96c-519892f95e89', 'de999b85-c476-47e2-8950-45a4174b0dc7'),
  ('4b80d4ec-cb47-44a3-9bb6-8175d5dadf63', 'de999b85-c476-47e2-8950-45a4174b0dc7'),
  -- KATZ CENTRALITY
  ('70cbe3e8-d6fa-4f2d-9903-8967b1f40bdf', '3eebbcc9-e33f-46fa-b0de-a5c4d52840d6'),
  ('8b9e1b72-4a34-4631-ab99-ad1aeed16764', '3eebbcc9-e33f-46fa-b0de-a5c4d52840d6'),
  ('27005572-7230-4944-a04c-049e8544ea7a', '3eebbcc9-e33f-46fa-b0de-a5c4d52840d6'),
  ('7f62e93f-5f3d-489a-a7ca-22218506e46a', '3eebbcc9-e33f-46fa-b0de-a5c4d52840d6'),
  ('96a055cc-74d4-4468-87ad-35120eb8d054', '3eebbcc9-e33f-46fa-b0de-a5c4d52840d6'),
  ('bc85fd52-7e1b-4189-98af-f8929779aae5', '3eebbcc9-e33f-46fa-b0de-a5c4d52840d6'),
  ('240f3f33-9b1c-4dd9-b2a6-0b89dfab3c65', '3eebbcc9-e33f-46fa-b0de-a5c4d52840d6'),
  ('7d2d744d-fa0b-4199-b96c-519892f95e89', '3eebbcc9-e33f-46fa-b0de-a5c4d52840d6'),
  ('4b80d4ec-cb47-44a3-9bb6-8175d5dadf63', '3eebbcc9-e33f-46fa-b0de-a5c4d52840d6'),
  -- ANOTHER_TYPE
  ('70cbe3e8-d6fa-4f2d-9903-8967b1f40bdf', '0da9b871-c35a-40df-a10f-52a7312f6cc0');

INSERT INTO TEST_CASES (ID, DURATION, DATASET_ID, MEMORY, ALGORITHM_TYPE_ID, EXPECTED) VALUES
(RANDOM_UUID(), 20, '70cbe3e8-d6fa-4f2d-9903-8967b1f40bdf', 53, 'de999b85-c476-47e2-8950-45a4174b0dc7', '{"0": 0.0, "1": 0.2, "2": 0.2, "3": 0.2, "4": 0.2, "5": 0.2, "6": 0.2 }'),
(RANDOM_UUID(), 22, '8b9e1b72-4a34-4631-ab99-ad1aeed16764', 53, 'de999b85-c476-47e2-8950-45a4174b0dc7', '{"0": 0.0, "1": 0.0873015873015873, "2": 0.23809523809523808, "3": 0.13492063492063494, "4": 0.11111111111111109, "5": 0.0873015873015873, "6": 0.1349206349206349, "7": 0.19047619047619047, "8": 0.11111111111111109 } '),
(RANDOM_UUID(), 25, '27005572-7230-4944-a04c-049e8544ea7a', 53, 'de999b85-c476-47e2-8950-45a4174b0dc7', '{"0": 0.0, "1": 1.0, "2": 0.0, "3": 0.0, "4": 0.0, "5": 0.0, "6": 0.0, "7": 0.0 }'),
(RANDOM_UUID(), 27, '7f62e93f-5f3d-489a-a7ca-22218506e46a', 53, 'de999b85-c476-47e2-8950-45a4174b0dc7', '{"0": 0.0, "1": 0.5172413793103449, "2": 0.6379310344827587, "3": 0.6157635467980296, "4": 0.3620689655172414, "5": 0.3620689655172414, "6": 0.3620689655172414, "7": 0.3103448275862069, "8": 0.1354679802955665, "9": 0.1354679802955665, "10": 0.1354679802955665, "11": 0.1354679802955665, "12": 0.1354679802955665, "13": 0.1354679802955665, "14": 0.1354679802955665, "15": 0.06896551724137931, "16": 0.0, "17": 0.0, "18": 0.0, "19": 0.0, "20": 0.0, "21": 0.0, "22": 0.0, "23": 0.0, "24": 0.0, "25": 0.0, "26": 0.0, "27": 0.0, "28": 0.0, "29": 0.0, "30": 0.0 } '),
(RANDOM_UUID(), 30, '96a055cc-74d4-4468-87ad-35120eb8d054', 53, 'de999b85-c476-47e2-8950-45a4174b0dc7', '{"0": 0.0, "1": 0.4744897959183674, "2": 0.6760204081632653, "3": 0.5221088435374149, "4": 0.4583333333333333, "5": 0.4583333333333333, "6": 0.32142857142857145, "7": 0.22704081632653061, "8": 0.22704081632653061, "9": 0.22704081632653061, "10": 0.22704081632653061, "11": 0.22704081632653061, "12": 0.1921768707482993, "13": 0.08078231292517007, "14": 0.08078231292517007, "15": 0.08078231292517007, "16": 0.08078231292517007, "17": 0.08078231292517007, "18": 0.08078231292517007, "19": 0.08078231292517007, "20": 0.08078231292517007, "21": 0.08078231292517007, "22": 0.08078231292517007, "23": 0.08078231292517007, "24": 0.08078231292517007, "25": 0.04081632653061224, "26": 0.0, "27": 0.0, "28": 0.0, "29": 0.0, "30": 0.0, "31": 0.0, "32": 0.0, "33": 0.0, "34": 0.0, "35": 0.0, "36": 0.0, "37": 0.0, "38": 0.0, "39": 0.0, "40": 0.0, "41": 0.0, "42": 0.0, "43": 0.0, "44": 0.0, "45": 0.0, "46": 0.0, "47": 0.0, "48": 0.0, "49": 0.0, "50": 0.0 } '),
(RANDOM_UUID(), 170, 'bc85fd52-7e1b-4189-98af-f8929779aae5', 72, 'de999b85-c476-47e2-8950-45a4174b0dc7', '{"1": 0.0021677484407465145, "2": 8.843768784316178E-5, "3": 0.002568620016803517, "4": 0.005732901394096022, "5": 0.004109449585626025, "6": 4.549921741346049E-6, "7": 9.307040798887864E-4, "8": 0.002902850070978779, "9": 0.004926320833844988, "10": 6.6143935724424025E-6, "13": 7.247695139312447E-4, "14": 2.9413904352837265E-4, "16": 1.0952753781583376E-4, "17": 0.003102483700871528, "19": 0.08942143673809931, "20": 1.8480855595748427E-4, "21": 0.016549983521401117, "22": 5.604611424026351E-4, "23": 0.06511156297496085, "24": 5.3714383098394304E-5, "25": 0.04268143650867174, "26": 0.0047849741435721255, "27": 1.2442285992680927E-5, "28": 2.2076188941793384E-4, "29": 0.0017746935988433882, "30": 3.619766417172422E-4, "31": 0.008515457069640539, "32": 0.0, "33": 0.0, "34": 0.0, "35": 0.0, "36": 2.2749608706730244E-6, "38": 4.175149496929227E-4, "39": 6.376959837251213E-4, "40": 0.026659184351738557, "41": 0.02046218046827068, "42": 0.0, "44": 0.0, "45": 4.6427367304759295E-5, "46": 0.0, "47": 0.0, "48": 0.0038162429955117495, "49": 0.005851199359371018, "50": 4.047831360108358E-4, "51": 0.010222036286630307, "52": 0.0, "53": 0.005604441903122323, "54": 2.172167359758564E-4, "55": 1.2824706544100424E-4, "56": 0.00985724331778657, "57": 0.0037577621896403004, "58": 9.00137668648426E-5, "59": 1.1283867205163214E-4, "60": 1.1818364885451855E-5, "61": 0.002866450697048011, "62": 7.859398307492087E-4, "63": 0.0, "64": 3.3366092769871027E-6, "65": 4.128964152796636E-4, "66": 1.1637986700379975E-5, "67": 0.008853982382118894, "68": 1.8199686965384195E-5, "69": 5.849430939989927E-5, "70": 0.0, "71": 0.0, "72": 6.492170428282858E-4, "73": 5.252730327280933E-4, "75": 6.782243589513807E-5, "76": 0.0, "77": 1.5164265123329012E-4, "78": 0.0, "79": 5.398701715558807E-6, "80": 0.006368345107159928, "81": 0.0029301496014268553, "82": 0.0020418431771625084, "83": 0.010222036286630307, "84": 0.001944672143066098, "85": 1.3372093171693075E-4, "86": 0.0, "87": 2.665987977582767E-4, "88": 0.002686003098345464, "89": 0.008646367949137939, "90": 0.0, "91": 0.002902850070978779, "92": 1.9097994117810594E-4, "93": 5.99294391740089E-4, "94": 0.005086543998804504, "95": 6.066562321794732E-6, "96": 0.00239537084601936, "97": 0.0014605248789720817, "98": 0.0018887266302691, "99": 0.0015108606695733275, "100": 3.3378510618444575E-4, "101": 2.108492053623875E-4, "102": 0.0, "103": 4.2474712124420354E-4, "104": 0.001223847994516156, "105": 2.7499143430319793E-4, "106": 1.655804827517975E-4, "107": 0.0, "108": 3.6085310890643683E-4, "109": 0.002136733322691983, "110": 0.0, "111": 0.003069884775185794, "112": 0.0, "113": 0.0015736507705980975, "115": 0.022568645323170038, "116": 0.01402454875981617, "117": 6.272676447522223E-5, "118": 0.002619186458468465, "119": 0.03866686144788412, "120": 0.0014210607559563002, "121": 0.0011076082663236684, "122": 0.011376972399366683, "123": 7.102077992961398E-5, "124": 0.009477974490184622, "125": 1.3744062483219644E-5, "126": 8.172284940279258E-5, "127": 0.0012469060044506977, "128": 6.331570960174418E-4, "129": 4.093482706442291E-5, "130": 0.004990347524149695, "131": 0.0, "132": 0.0014736591800766842, "133": 0.003270934749334917, "134": 1.8966533285960795E-4, "135": 0.0, "136": 0.0019084579376038705, "137": 0.0033200563850405607, "138": 0.0, "139": 1.196804811782634E-6, "140": 1.1569524117249691E-4, "141": 6.462723421064326E-4, "142": 0.001494584257463337, "143": 0.0033182301538084882, "144": 0.011702377019514291, "145": 0.0, "146": 6.26199387365588E-4, "147": 4.549921741346049E-6, "148": 0.0011510391507043572, "149": 1.9457170381096542E-4, "150": 6.470329678825432E-4, "151": 7.785413867669308E-5, "152": 0.02571615768208787, "153": 0.0, "154": 0.0, "155": 4.292376171129856E-4, "156": 2.975669598330972E-4, "157": 1.8929289994442427E-4, "158": 0.002687379222547225, "159": 0.0034257093058343707, "160": 0.0, "161": 0.0012487789530406688, "162": 7.642122785960676E-5, "163": 0.0023272999235334053, "164": 2.5372504769388553E-6, "165": 4.6791378871345057E-5, "166": 0.002930149601426855, "167": 8.189859134422887E-6, "168": 4.55323713080185E-4, "169": 0.00424528855574477, "170": 0.014542264261482404, "171": 0.003985528197123559, "172": 0.0031038407230989853, "173": 0.0045096738910442155, "174": 4.549921741346049E-6, "175": 0.12303726733413918, "176": 8.133746646235866E-5, "177": 3.6017436570137733E-4, "178": 0.0011465228910227765, "179": 9.099843482692098E-6, "180": 3.571822532966318E-4, "181": 0.005732901394096022, "182": 4.549921741346049E-6, "183": 0.0, "184": 0.0018819407851147067, "185": 8.040563926735475E-4, "186": 0.0027567424905065295, "187": 1.7752434036324107E-4, "188": 0.0030993130165458643, "189": 3.3366092769871027E-6, "190": 0.003366601122266199, "191": 0.0, "192": 0.01453245004185928, "193": 5.4599060896152585E-5, "194": 1.3341040302192677E-4, "195": 0.0, "196": 0.001168936563111067, "197": 0.0013756679151320152, "198": 0.0, "199": 0.0027416661152424027, "200": 0.003708518220398314, "201": 0.0, "202": 0.004717103719938512, "203": 0.005802920593703291, "204": 0.00812703976779223, "205": 0.0, "206": 4.430034426375215E-5, "207": 0.0, "208": 6.15443985231341E-6, "211": 7.089322646686613E-4, "212": 2.1882793838570635E-4, "213": 0.008946741763961263, "214": 0.006995504023310072, "216": 0.0, "217": 9.402793239395164E-5, "218": 0.0, "219": 0.0029301496014268544, "220": 0.0, "221": 3.847297675684513E-5, "222": 0.0029613836775088265, "223": 1.877509568071006E-4, "224": 0.001008215259742873, "225": 3.442496396066663E-4, "226": 1.9707172145677903E-4, "227": 0.005668585511883925, "228": 0.0, "229": 0.0016934286642100666, "230": 0.023948095706315932, "231": 0.0014929323987343238, "232": 3.408389310160849E-4, "233": 0.0, "234": 0.0, "235": 1.6171108156500623E-5, "236": 0.0018213391984083073, "237": 0.010222036286630307, "238": 3.8714171786438764E-4, "239": 0.00733221523918132, "240": 0.0016136884862164116, "241": 0.0, "242": 0.002452788413024512, "243": 0.0033951120863212354, "244": 0.0, "245": 0.017198704182288065, "246": 4.635082693015961E-4, "247": 1.6696705047527787E-5, "248": 0.0011538633247942364, "249": 0.0025849117403804146, "250": 1.3827482435311906E-5, "251": 0.0011794475287843047, "252": 0.005328836725285318, "253": 0.0014605248789720817, "254": 4.3555848724535177E-5, "255": 0.0, "256": 0.0, "257": 6.319922853132221E-4, "258": 2.4318911070087598E-4, "259": 0.002902850070978779, "260": 0.004206223973076061, "261": 0.001248574313664243, "262": 0.0, "263": 1.8199686965384196E-6, "264": 0.0, "265": 5.15884100921724E-4, "266": 5.275678987785815E-5, "267": 0.0, "268": 1.5414790798645055E-5, "269": 0.007673859519683396, "270": 2.921848307148244E-5, "271": 0.007487185931364072, "272": 0.010781335440784742, "273": 0.0, "274": 3.299338421731676E-4, "275": 0.005732901394096022, "276": 1.0057259611433392E-4, "277": 0.13292892189114788, "278": 3.5152951439281984E-4, "279": 0.0, "280": 0.00665626271138239, "281": 0.001624098487084978, "282": 0.0, "283": 6.047921317312139E-4, "284": 0.0016925776848487244, "285": 0.006845019759072364, "286": 0.0, "288": 1.5732264403234177E-6, "289": 5.819613375068006E-4, "290": 9.090721359869246E-5, "291": 0.004169644254660249, "293": 0.0, "294": 1.5186516506798624E-4, "295": 5.4146068135864985E-5, "296": 1.8199686965384196E-6, "297": 2.732577464151621E-4, "298": 3.147029204431017E-6, "299": 3.7007323303768903E-4, "300": 4.651948622804826E-5, "301": 0.002930149601426855, "302": 6.551446030943571E-4, "303": 2.8504516811352196E-4, "304": 0.006774213612831971, "305": 0.0, "306": 0.0, "307": 0.020058709883844693, "308": 0.0013738299149944114, "309": 0.0, "310": 0.0012539645921932822, "311": 1.7550188412334056E-4, "312": 0.013089669418637404, "313": 0.003532771177601587, "314": 2.4136997481649853E-4, "315": 0.016216056507943524, "316": 0.0, "317": 4.901791440598562E-4, "318": 6.918293967171926E-5, "319": 0.008646367949137939, "320": 0.0028937778703038066, "321": 0.0, "322": 0.021579507276804875, "323": 0.0034367829728790683, "324": 0.009285677644915826, "325": 0.0018000790861055942, "326": 4.869308076389515E-4, "327": 0.0, "328": 0.0, "329": 0.01596764248370714, "330": 7.695416472986242E-5, "331": 6.373759628218651E-4, "332": 0.005853058098389318, "333": 2.799496971899116E-5, "334": 0.002433082699035932, "336": 0.0, "337": 6.147641256606657E-4, "338": 5.189900739204859E-5, "339": 0.032729772687344914, "340": 8.31202578695425E-5, "341": 3.229994758100813E-5, "342": 0.0014715322747529227, "343": 0.004287272551033784, "344": 8.242196109255138E-5, "345": 2.2604011389302386E-4, "346": 0.002326607312286291, "347": 3.518595609397638E-5 }'),
(RANDOM_UUID(), 2972, '240f3f33-9b1c-4dd9-b2a6-0b89dfab3c65', 131, 'de999b85-c476-47e2-8950-45a4174b0dc7', '{"0": 0.0, "58": 6.834475332788127E-5, "171": 0.0038336545068868417, "348": 6.925962615219061E-5, "353": 0.0010919213828342982, "363": 4.6589778691739637E-4, "366": 4.885246071362109E-4, "376": 4.8353339717360734E-4, "389": 2.910471737112387E-4, "414": 3.2328069103041915E-4, "420": 9.102119818289419E-5, "428": 9.24637533333194E-4, "475": 3.849309981544483E-4, "483": 0.02128646602995796, "484": 0.004572577918428505, "517": 3.370210109543319E-4, "526": 0.007405653641077614, "538": 2.1902350822561827E-4, "563": 0.00403897014005932, "566": 3.6836074151802095E-4, "580": 3.7580410505032346E-4, "596": 0.002996845722464011, "601": 1.4638500835342423E-5, "606": 0.009146925191584582, "629": 2.4072418194396944E-5, "637": 0.008524897543129645, "641": 0.0023121600187382702, "649": 7.425740825915732E-5, "651": 9.803121328097724E-4, "896": 0.001516893226566209, "897": 8.904247926053371E-4, "898": 1.8571131962100022E-5, "899": 0.0, "900": 0.004157575304224613, "901": 3.324089405923112E-5, "902": 9.70734407459161E-6, "903": 9.52269631427175E-4, "904": 9.68054211035818E-4, "905": 1.3103726455299198E-4, "906": 1.549054618226676E-4, "907": 2.017513670201835E-4, "908": 0.0012531768587039215, "909": 0.001955412264939019, "910": 0.0, "912": 6.702937323652013E-4, "913": 0.0031371832595298546, "914": 3.614248328202991E-5, "915": 7.877141538528989E-4, "916": 0.0012725795688026701, "917": 0.02447631971880357, "919": 4.099626676497875E-4, "920": 9.094177151137204E-4, "921": 0.0024056254106015005, "922": 1.593760580546039E-4, "923": 6.348626031231295E-5, "924": 8.737033093700989E-4, "925": 0.001132090151776333, "926": 3.213876262086052E-5, "927": 0.00464330722626114, "928": 3.3339711830489987E-7, "929": 8.80523879610759E-6, "930": 2.128220301602734E-4, "931": 3.2211359889784844E-5, "932": 1.8432471398432688E-4, "933": 8.779900318000921E-5, "934": 8.391380375698703E-4, "935": 2.7109132173127533E-5, "936": 9.76745906698573E-5, "937": 9.552374909417216E-6, "938": 7.045697231250972E-4, "939": 3.955303990377554E-4, "940": 8.951434212141086E-5, "941": 6.385216801347412E-4, "942": 1.640931964635476E-4, "943": 6.195177824891384E-5, "944": 2.97291988734252E-4, "945": 0.0, "946": 0.0013789480238821656, "947": 0.002588858325668936, "948": 2.0808280557736686E-4, "949": 8.076527778469807E-5, "950": 4.518719823918606E-5, "951": 7.377920666430916E-4, "952": 5.2222356692656744E-5, "953": 0.0011742529946920236, "954": 2.6519754520018535E-4, "955": 2.5751959707414922E-5, "956": 2.22900387328116E-4, "957": 4.7788632315090356E-4, "958": 1.726311229554425E-5, "959": 5.6555780411018337E-5, "960": 8.843303467720947E-4, "961": 4.6608226132517747E-4, "962": 5.130730341090379E-4, "963": 7.87274102328083E-4, "964": 0.0012186536295916465, "965": 3.8895644650946285E-5, "966": 1.4531363255060442E-4, "967": 7.026368003754338E-4, "968": 0.0022342936758831975, "969": 3.8302334576864024E-5, "970": 9.1263468897384E-5, "971": 5.0490440955223046E-5, "972": 2.4632863059796812E-6, "973": 1.6408808109068696E-4, "974": 9.079561720274909E-6, "975": 1.0596193219211633E-4, "976": 1.8860712599092326E-5, "977": 1.3615748669918554E-4, "978": 0.001685892561869573, "979": 8.07214320467373E-5, "980": 0.001010962631901961, "981": 1.4386875468542588E-5, "982": 6.305384194237269E-4, "983": 7.890898261023664E-5, "984": 4.605608114254374E-5, "985": 1.5927709343044885E-6, "986": 6.817767118490661E-6, "987": 0.001065527678191347, "988": 1.8545499073917704E-5, "989": 2.300392509793901E-5, "990": 5.036200058715583E-5, "991": 0.0015030767998975454, "992": 6.389407563045051E-4, "993": 0.0013118634900348473, "994": 8.110784870020031E-4, "995": 0.0018276626384645337, "996": 8.57176884118704E-6, "997": 1.1080229107392014E-4, "998": 1.598836607493028E-5, "999": 1.028101856181561E-4, "1000": 4.7462814973285556E-4, "1001": 0.0015525730444448604, "1002": 4.8355808700481045E-4, "1003": 0.0010734049695492998, "1004": 4.2864262945173983E-4, "1005": 3.751037566032608E-6, "1006": 8.582099964164879E-4, "1007": 3.5861542116495155E-4, "1008": 4.2411665862091523E-4, "1009": 1.2695884540100074E-4, "1010": 5.374182697193406E-4, "1011": 1.8158214392536103E-4, "1012": 7.564500772617209E-4, "1013": 4.5238310775395967E-4, "1014": 0.003861468171822639, "1015": 1.4494304524413106E-5, "1016": 0.0, "1017": 0.0018900824517035697, "1018": 1.2333071824821427E-4, "1019": 7.549964807542169E-5, "1020": 0.002369299815850089, "1021": 0.0015057708241129166, "1022": 5.8792097209700984E-6, "1023": 4.8506457405771445E-4, "1024": 9.132565943336607E-4, "1025": 6.859756937929054E-4, "1026": 5.460443927266704E-4, "1027": 0.0, "1028": 8.426543124486381E-5, "1029": 0.0058987635446580465, "1030": 0.0020398380427854726, "1031": 2.3792195530985905E-6, "1032": 0.0024083355565888013, "1033": 4.697062532880208E-5, "1034": 0.0, "1035": 3.0829661083638256E-4, "1036": 9.195124749401241E-5, "1037": 4.0434905437546905E-4, "1038": 7.717242936502625E-6, "1039": 3.2622389638556844E-6, "1040": 9.868174824621053E-5, "1041": 4.8196589144514437E-4, "1042": 8.120508690501226E-5, "1043": 2.9660975729506995E-4, "1044": 8.606845322786069E-6, "1045": 7.178605010906829E-4, "1046": 0.0, "1047": 1.7855603359514567E-4, "1048": 0.0011354325524125907, "1049": 0.0017819788137039857, "1050": 1.4672468923474744E-4, "1051": 0.001875899963074085, "1052": 0.004339392355842043, "1053": 7.990224146505974E-4, "1054": 5.509979325535413E-4, "1055": 1.1764464913292547E-4, "1056": 2.595284502647046E-4, "1057": 6.044575977803158E-4, "1058": 6.003007606374542E-5, "1059": 0.0011139222547843744, "1060": 0.0017022476982147545, "1061": 1.6686302163913203E-5, "1062": 0.001476607359501001, "1063": 2.6497448824361286E-6, "1064": 0.0020673632989611696, "1065": 0.0, "1066": 5.729003413406636E-4, "1067": 2.442840760749698E-4, "1068": 4.6591988790074216E-4, "1069": 3.1351575139493156E-6, "1070": 0.0060560558893565306, "1071": 0.0, "1072": 1.2256815254261223E-4, "1073": 3.365202818389517E-4, "1074": 0.0010180808543570027, "1075": 0.001118850741193435, "1076": 0.001029838614942552, "1077": 9.234929704288086E-4, "1078": 7.687114946458795E-4, "1079": 2.2678484860120043E-4, "1080": 0.0027224343888614215, "1081": 3.516357612650769E-5, "1082": 3.578960805630666E-5, "1083": 3.881014258619907E-4, "1084": 6.655692735384088E-6, "1085": 0.0022550009238453267, "1086": 0.05327867358616448, "1087": 7.711067996128782E-5, "1088": 4.890388705158838E-4, "1089": 6.821191762707272E-5, "1090": 4.5225631242303994E-5, "1091": 0.006620770105556688, "1092": 1.3559405061422652E-4, "1093": 1.8042252013707739E-4, "1094": 4.302940157390067E-5, "1095": 2.474743206761267E-4, "1097": 1.0120893046968185E-4, "1098": 5.762769962369122E-4, "1099": 5.289331518450942E-5, "1100": 1.226560211312374E-4, "1101": 4.7728597556957644E-4, "1102": 6.663022182253613E-5, "1103": 1.3563099516048841E-5, "1104": 0.0020409035646437724, "1105": 4.8355808700481045E-4, "1106": 8.350139218779272E-4, "1107": 3.1599727820292434E-4, "1108": 2.0804893675353652E-5, "1109": 5.309899265448675E-4, "1110": 0.004288742945446822, "1111": 8.460272524025221E-6, "1112": 6.555837483656164E-5, "1113": 2.6326794680418684E-4, "1114": 8.141104540034742E-4, "1115": 1.1458632010415356E-5, "1116": 1.4005123030076531E-5, "1117": 7.491698666767123E-4, "1118": 3.697687211818247E-5, "1120": 2.916010039084062E-4, "1121": 2.624866823164482E-4, "1122": 8.207275231370598E-4, "1123": 5.994832528634417E-4, "1124": 0.0013693088255477567, "1125": 2.2043193465185853E-4, "1126": 0.0032071204987936916, "1127": 4.8533316279228243E-4, "1128": 0.004678706619914159, "1129": 8.261555201210834E-5, "1130": 2.253629249763455E-4, "1131": 2.1278205964316826E-4, "1132": 3.2558958489843604E-4, "1133": 5.842333466452122E-4, "1134": 4.0331497097272095E-4, "1135": 8.795661076638629E-4, "1136": 0.0017975921189645843, "1137": 3.0510684845569388E-5, "1138": 6.27782131719858E-4, "1139": 4.118325985288039E-5, "1140": 4.4071925288846017E-5, "1141": 1.1726124059545385E-5, "1142": 8.916797244091885E-5, "1143": 4.046048419720277E-4, "1144": 1.0622096331042716E-4, "1146": 0.002017918617302932, "1147": 1.093776915403924E-5, "1148": 4.7270249649372095E-4, "1149": 3.1046741502876557E-4, "1150": 1.906570635756015E-4, "1151": 6.01770888957183E-5, "1152": 1.6473606692802317E-4, "1153": 3.2920383090815063E-4, "1154": 1.1873118290668852E-4, "1155": 0.0017928451670341068, "1156": 2.2238689077229223E-4, "1157": 2.498358852903971E-6, "1158": 4.99889737517617E-4, "1159": 0.002859082677625323, "1160": 4.089117124444442E-4, "1161": 2.3755742481746132E-4, "1162": 2.705815679153599E-5, "1163": 1.2566265218593283E-4, "1164": 1.1233315998905606E-5, "1165": 0.002623013570443321, "1166": 7.396795553955345E-4, "1167": 9.2811423944379E-5, "1168": 9.095169720236788E-6, "1169": 9.215359288626485E-5, "1170": 9.19733968208604E-4, "1171": 0.0033922619354613717, "1172": 3.126130488534245E-4, "1173": 0.0045471954358271924, "1174": 3.1414209538648064E-5, "1175": 7.02801466838265E-4, "1176": 0.0, "1177": 0.0023651752105142564, "1178": 1.6321351043633764E-4, "1179": 1.4993114376189766E-4, "1180": 8.05318810499452E-5, "1181": 5.803625871491051E-5, "1182": 9.609001594312476E-4, "1183": 0.001102641690815264, "1184": 8.99188473291849E-4, "1185": 3.5829133639680457E-4, "1186": 4.896662676562681E-7, "1187": 9.761337591909149E-4, "1188": 5.715578208116657E-5, "1189": 0.0023498202670674912, "1190": 1.5786151159060066E-4, "1191": 3.043598943267672E-4, "1192": 0.004462262528658066, "1193": 4.97826659966759E-4, "1194": 0.001934232348019241, "1195": 6.987401853332019E-5, "1196": 3.4730887830694145E-4, "1197": 0.0015038334696404522, "1198": 5.6690184252575485E-5, "1199": 0.00140283911925409, "1200": 1.4062531612033227E-4, "1201": 6.106784194030513E-5, "1202": 0.003277026788149651, "1203": 3.34816010146883E-4, "1204": 0.0013436257821590003, "1205": 1.424811275599932E-4, "1207": 2.5522251684242773E-4, "1208": 0.0, "1209": 1.110897779074779E-4, "1210": 4.866087146800931E-4, "1211": 0.0012846916413221136, "1212": 3.9687925545643985E-4, "1213": 9.583020816498548E-5, "1214": 0.0016952310664039793, "1215": 1.4934799365252772E-4, "1216": 9.26856325027329E-4, "1217": 0.0018984363217007176, "1218": 4.919673269802292E-4, "1219": 1.2828185457367227E-4, "1220": 9.777727002321423E-6, "1221": 0.003288959916707639, "1222": 0.0032693554691192294, "1223": 6.900219482559709E-4, "1224": 0.0, "1225": 1.6279195879017388E-4, "1226": 0.001182046299265857, "1227": 4.416727306345356E-4, "1228": 1.7459711040929634E-4, "1229": 7.484592091451905E-5, "1230": 3.200401145749299E-4, "1231": 3.499143946802037E-4, "1232": 5.523904154339794E-4, "1233": 0.0, "1234": 2.8225304646011243E-5, "1235": 0.006379403371545898, "1236": 4.3663417079083474E-4, "1237": 0.005265478089051997, "1238": 0.0019474377936702272, "1239": 1.0233950084892237E-6, "1240": 0.0014217355038587095, "1241": 8.546656837934527E-5, "1242": 1.7177254313314625E-4, "1243": 9.706712875750567E-4, "1244": 1.480085382587246E-4, "1245": 0.002576594834028594, "1246": 0.0010960657529014424, "1247": 7.033845326064616E-4, "1248": 3.302576907120963E-4, "1249": 2.247748252293483E-5, "1250": 4.8785726478382265E-4, "1251": 4.710938860121183E-6, "1252": 0.0, "1253": 0.0, "1254": 3.098364989856914E-4, "1255": 5.825205101366716E-4, "1256": 4.623401341726509E-4, "1257": 6.496401927232313E-5, "1258": 0.002043194824400793, "1259": 6.446749060287411E-4, "1260": 1.2442526187160473E-4, "1261": 0.0014486323934162593, "1262": 0.0, "1263": 1.6810707188232173E-4, "1264": 1.2509711805267699E-5, "1265": 4.821046123624797E-5, "1266": 5.030547432998285E-4, "1267": 1.56639314983352E-4, "1268": 7.962868766632434E-4, "1269": 3.103819207588763E-4, "1270": 0.0, "1271": 2.44073702234706E-4, "1272": 5.497197011744351E-4, "1273": 0.002337297272715593, "1274": 0.0011076319807382035, "1275": 5.435075370195817E-4, "1276": 0.0, "1277": 0.002049725167700645, "1278": 0.0011941106495559747, "1279": 1.942179912862554E-5, "1280": 2.486813725573381E-4, "1281": 1.0076497565493988E-4, "1282": 2.9379182743776377E-4, "1283": 0.002722399491444491, "1284": 3.3435079998828007E-4, "1285": 6.8505233076432E-5, "1286": 1.854025729498741E-5, "1287": 1.8714937500230524E-5, "1288": 1.4400661768482748E-4, "1289": 2.1232521410835653E-4, "1290": 1.9569405717405954E-4, "1291": 2.4605916314433465E-4, "1292": 1.0277860730396898E-4, "1293": 1.2440502433701417E-5, "1294": 4.4256912770999197E-4, "1295": 3.9350213974372245E-5, "1296": 2.886070668778333E-4, "1297": 1.5901358927948787E-4, "1298": 0.0028924170506097603, "1299": 1.212195822371027E-4, "1300": 4.120120079048988E-5, "1301": 6.743902802223275E-6, "1302": 1.834650775792164E-4, "1303": 2.570508396030152E-4, "1304": 0.0011889649674489077, "1305": 0.0010221407529809167, "1306": 1.7579358490215152E-4, "1307": 6.11303895619526E-4, "1308": 1.650803580225979E-4, "1309": 8.950832466369527E-5, "1310": 3.387426671147458E-5, "1311": 2.846039590194628E-4, "1312": 6.97497483058396E-4, "1313": 6.747739795401335E-5, "1314": 0.0010061648981038404, "1315": 2.0252120377566448E-5, "1316": 1.8930437059125528E-5, "1317": 0.00158329737314251, "1318": 5.204950179848378E-4, "1319": 1.3045009552809574E-5, "1320": 4.1672900760387376E-4, "1321": 3.7243380468465076E-4, "1322": 5.116182736714822E-4, "1323": 6.607960806649161E-5, "1324": 2.563865717788161E-4, "1325": 8.770926003943702E-5, "1326": 0.0, "1327": 0.0023103859222661943, "1328": 4.0382542957834E-4, "1329": 7.096406961748815E-4, "1330": 0.001062816762443172, "1331": 4.531427693396109E-4, "1332": 4.538954336482303E-4, "1333": 2.2458053104672438E-5, "1334": 0.009447292478071759, "1335": 3.873985940667783E-4, "1336": 1.1484184205602224E-5, "1337": 0.00298559867271898, "1338": 0.002437204246691909, "1339": 0.0024379949146906433, "1340": 2.9332824167877753E-5, "1341": 3.140162286764531E-4, "1342": 2.2701679189848333E-4, "1343": 0.002090794547901791, "1344": 2.2826353101227908E-4, "1345": 3.8254201459918843E-4, "1346": 0.0, "1347": 0.0011923033233866536, "1348": 2.522274532642277E-4, "1349": 4.2800829992812174E-4, "1350": 9.318799000916972E-4, "1351": 7.34908479924793E-5, "1352": 0.0037013521311181734, "1353": 2.186271806110775E-4, "1354": 6.744625230511932E-5, "1355": 1.2767044986320585E-4, "1356": 1.3698027574662942E-4, "1357": 0.0024021885713878923, "1358": 0.0013687831307984855, "1359": 1.4094149550267454E-4, "1360": 0.0013187041640062146, "1361": 0.0016873059570837018, "1362": 0.0, "1363": 1.8589816320638684E-5, "1364": 3.446828700901057E-4, "1365": 1.3776319514740412E-5, "1366": 0.004538530390940683, "1367": 0.0010641113960360188, "1368": 2.5751959707414922E-5, "1369": 0.002881919901228041, "1370": 1.926331137959923E-4, "1371": 0.009334908168381565, "1372": 0.0, "1373": 0.0015116050925058917, "1374": 2.314231952791645E-4, "1375": 1.1071393858423042E-4, "1376": 9.278845664820666E-4, "1377": 0.0020753999736287517, "1378": 2.420768030547196E-5, "1379": 1.770661582606926E-5, "1380": 6.380409352025006E-5, "1381": 6.414908386271063E-6, "1382": 2.109291906743957E-5, "1383": 0.0, "1384": 6.648031239120582E-4, "1385": 2.4068794558251047E-4, "1387": 6.091713080855729E-4, "1388": 7.397586534919842E-5, "1389": 3.872293232428477E-5, "1390": 0.0014901288710527883, "1391": 0.0010259769348186247, "1392": 7.443669291383509E-5, "1393": 0.0016713592229125587, "1394": 0.0, "1395": 0.0, "1396": 5.529165694433524E-5, "1397": 1.1468567455986259E-4, "1398": 3.49271870617049E-5, "1399": 0.002262152302744733, "1400": 2.62860253021382E-5, "1401": 4.7913257143666156E-4, "1402": 8.006304597094444E-5, "1403": 0.0, "1404": 0.0018239728946464614, "1405": 6.892551529015719E-4, "1406": 4.403202626607449E-4, "1407": 2.294222400755703E-4, "1408": 4.952267560533621E-4, "1409": 0.001557446091766399, "1410": 9.235445829119063E-5, "1411": 3.478380936037205E-5, "1412": 2.552469531264586E-4, "1413": 1.2795837443535478E-4, "1414": 2.468518489993416E-8, "1415": 1.9135158354246403E-4, "1416": 2.8023228429460863E-4, "1417": 1.5611781056835218E-4, "1418": 9.07983416352659E-4, "1419": 4.2936989500149536E-4, "1420": 0.0032738709437478736, "1421": 2.968083371863936E-4, "1422": 3.6436003010343666E-4, "1423": 0.0021764656562219264, "1424": 0.0022135593905721306, "1425": 9.190499040408362E-4, "1426": 1.0004322533720776E-4, "1427": 0.0026331307762453844, "1428": 2.285059301711988E-4, "1429": 0.0012553378410754836, "1430": 0.0, "1431": 0.006949216135434757, "1432": 4.979726825319424E-5, "1433": 3.7435792918496165E-5, "1434": 1.1112507309943761E-4, "1435": 0.005265074741155547, "1436": 0.00538168677203084, "1437": 0.0011825572154917179, "1438": 4.968322241967898E-6, "1439": 3.1164445875240637E-7, "1440": 2.1805802612891983E-4, "1441": 3.530157911235275E-4, "1442": 3.8607644462572703E-4, "1443": 3.839929491554721E-6, "1444": 0.0018671628419561252, "1445": 5.525148058348826E-5, "1446": 1.707655597015159E-4, "1447": 0.0011028783632624018, "1448": 8.403456932227249E-4, "1449": 7.316563866795937E-4, "1450": 2.259666044415158E-4, "1451": 0.0011284649559866482, "1452": 7.040282628576473E-4, "1453": 0.0014459713847987925, "1454": 8.866882803267678E-5, "1455": 0.0, "1456": 4.4898065293939307E-4, "1457": 9.693109861057035E-5, "1458": 1.2019573003339167E-4, "1459": 6.237274842679842E-4, "1460": 3.991103893544165E-4, "1461": 3.704746816432774E-5, "1462": 1.7493787382752315E-4, "1463": 2.4349724616531932E-5, "1464": 1.5075674383726757E-4, "1465": 5.106218963983262E-4, "1467": 0.006981686083882729, "1468": 3.194390998083958E-5, "1469": 0.00699588387516315, "1470": 5.73318293826195E-4, "1471": 0.0030202529625276415, "1472": 0.006153557905556281, "1473": 0.005232948573697157, "1474": 1.8760740523949963E-7, "1475": 7.896527085853236E-4, "1476": 9.396377714934696E-6, "1477": 1.0900417359422956E-4, "1478": 4.3545660690766315E-5, "1479": 2.8099973579290814E-4, "1480": 0.0022919058554221453, "1481": 6.910778835597931E-5, "1482": 5.665638255551768E-4, "1483": 7.516785807847934E-4, "1484": 2.316565729524301E-5, "1485": 4.973219273728928E-5, "1486": 0.0, "1487": 0.0043041772825294505, "1488": 5.053182596114421E-4, "1489": 1.026100912430879E-5, "1490": 6.03162314389173E-6, "1491": 3.5602242127078497E-4, "1492": 0.003028358081689243, "1493": 1.3692252625495964E-6, "1494": 5.416428479766354E-4, "1495": 1.9983029139036877E-4, "1496": 8.444819341606923E-4, "1497": 0.0016769712662766405, "1498": 2.7836742460052564E-6, "1499": 4.7970228117697546E-4, "1500": 1.7389269604573462E-4, "1501": 2.61839748570236E-4, "1502": 5.985280109211544E-4, "1503": 4.711209038792547E-5, "1504": 6.191639326092097E-4, "1505": 0.00273719140236686, "1506": 3.503463087059472E-7, "1507": 5.444658794741653E-4, "1508": 3.75735080873182E-4, "1509": 0.0011227474227527446, "1510": 1.8032689811418583E-6, "1511": 2.9315610003389884E-4, "1512": 1.54600589542674E-4, "1513": 4.379260475778853E-4, "1514": 1.3237958895599065E-4, "1515": 3.89823915411487E-4, "1516": 3.698156478783591E-4, "1517": 2.3249397552871988E-5, "1518": 5.109984961232039E-4, "1519": 8.051664727596984E-4, "1520": 5.945170957071672E-4, "1521": 0.0, "1522": 0.0010546734137675663, "1523": 9.858441938767719E-4, "1524": 1.8874350549144938E-5, "1525": 0.001368437626198917, "1526": 1.495030120823021E-4, "1527": 4.89397365440986E-4, "1528": 0.0010771403618427483, "1529": 0.002360411555434782, "1530": 6.809651042384869E-5, "1531": 0.0015993159207451316, "1532": 1.2565906157938383E-5, "1533": 0.001499784001774073, "1534": 0.0010093207127961645, "1535": 1.586096504900211E-4, "1536": 0.008208001453081891, "1537": 7.475901424754912E-4, "1538": 1.485321941475485E-4, "1539": 1.2414012436633262E-4, "1540": 0.007575205360496179, "1541": 2.3741301852474417E-4, "1542": 7.803848534604307E-5, "1543": 3.460358379928115E-4, "1544": 3.752024605970451E-4, "1545": 0.0013172894563432006, "1546": 0.0, "1547": 1.4481664152493547E-4, "1548": 0.001745166328613795, "1549": 0.005793154929857199, "1550": 1.1087646509548464E-5, "1551": 6.368127953467742E-4, "1552": 3.13850840463767E-4, "1553": 0.006397121627175654, "1554": 8.194330052994917E-4, "1555": 0.001048709531476175, "1556": 4.815199020841955E-5, "1557": 6.945780894035778E-4, "1558": 0.0, "1559": 0.0014196221611714292, "1561": 0.0013631195656701486, "1562": 0.0025734166175444485, "1563": 5.351358298886833E-4, "1564": 4.1066685700478296E-4, "1565": 5.847258438914184E-4, "1566": 7.522615107689345E-4, "1567": 5.739735410390038E-4, "1568": 1.3253147345883104E-5, "1569": 0.0024669126397465217, "1570": 6.796710545142826E-4, "1571": 3.781307611101945E-4, "1572": 1.4974194310465527E-5, "1573": 5.789383024566311E-4, "1574": 0.002373364202093544, "1575": 3.9766144750839574E-4, "1576": 7.511318086391802E-5, "1577": 1.2086021808036679E-4, "1578": 5.6915205739478934E-5, "1579": 1.507723909884673E-7, "1580": 1.0164609558291647E-4, "1582": 6.115505239526698E-5, "1583": 9.378402797003141E-4, "1584": 0.02512610864426855, "1585": 6.975176133659217E-4, "1586": 0.0, "1587": 3.613538129075459E-5, "1588": 2.4723967736101717E-4, "1589": 0.0010447137378128803, "1590": 0.0012446178057684539, "1591": 0.0027404116153242294, "1592": 5.587410193766621E-6, "1593": 0.0040297746623078725, "1594": 3.920362862507167E-4, "1595": 0.0011823887185668093, "1596": 0.0012316373592374888, "1597": 5.297955376979728E-4, "1598": 0.0030824100858615673, "1599": 8.174554727368246E-5, "1600": 4.5258046964367395E-4, "1601": 3.462112057011607E-5, "1602": 5.1836479556066715E-6, "1603": 3.5139881626015707E-4, "1604": 0.0026773216834756475, "1605": 1.7241091252770833E-4, "1606": 2.7769221992424102E-5, "1607": 2.237611704631517E-5, "1608": 4.062171729256551E-4, "1609": 2.0354425625951638E-4, "1610": 6.086390066023048E-4, "1611": 0.0033602413352080895, "1612": 7.7359954662151E-4, "1613": 0.0010599434857270303, "1614": 1.3781745652391946E-4, "1615": 2.8596297265780696E-4, "1616": 2.988256359229704E-4, "1617": 3.4413193346768197E-4, "1618": 1.451408211532557E-4, "1619": 3.208690912106516E-4, "1620": 0.006838298481417756, "1621": 0.0027673053072159405, "1622": 9.637692982982694E-4, "1623": 1.44735676770393E-4, "1624": 3.521853702473984E-4, "1625": 2.9492818317085197E-5, "1626": 6.344015253289585E-4, "1627": 0.0, "1628": 4.6871671402323137E-4, "1629": 3.5874354441871916E-4, "1630": 0.00354921078127411, "1631": 1.3168596713926415E-7, "1632": 1.5928420803462811E-4, "1633": 1.0261942088268381E-4, "1634": 6.327702260796249E-4, "1635": 6.088063008618355E-5, "1636": 2.5957287767942297E-4, "1637": 0.0012482762677729685, "1638": 3.181837844700213E-5, "1639": 5.748364713369707E-4, "1640": 1.1421285103147516E-6, "1641": 4.798280255548187E-4, "1642": 0.0012002966935437136, "1643": 1.2783483083886514E-4, "1644": 2.210496924547004E-4, "1645": 2.6791746598335423E-4, "1646": 6.904064495678031E-4, "1647": 1.0350620974710427E-4, "1648": 1.506614523962361E-6, "1649": 7.014949601873555E-5, "1650": 7.637611695334505E-4, "1651": 0.0, "1652": 1.2149520670457746E-4, "1653": 4.335619882157281E-5, "1654": 1.713207409137E-5, "1655": 5.938580158051715E-5, "1656": 6.312135810524884E-4, "1657": 0.0, "1658": 1.5908036976225912E-4, "1659": 9.60672280734115E-5, "1660": 0.0017245002975577312, "1661": 4.938559422815838E-4, "1662": 3.491919243633694E-4, "1663": 0.0027910318855997197, "1664": 1.6208444111943986E-4, "1665": 2.4784927434174986E-4, "1666": 7.518574732385168E-4, "1667": 4.7045718003411915E-4, "1668": 3.1760985828804437E-4, "1669": 3.03743732342286E-4, "1670": 4.207592870270168E-4, "1671": 5.965314794903744E-4, "1672": 1.9686322967857182E-4, "1673": 1.4543797625131758E-4, "1674": 0.00402227106717494, "1675": 0.0014662388888035138, "1676": 1.53184026770367E-4, "1677": 1.7130964516169877E-4, "1678": 0.0013867332640878118, "1679": 3.7128070128605184E-4, "1680": 0.003237074659927858, "1681": 1.572320661563635E-4, "1682": 9.314595166481597E-5, "1683": 0.0026851509473976845, "1684": 0.001212182560752186, "1685": 2.5524038512937067E-4, "1686": 4.354794589195756E-4, "1687": 0.004824362940971845, "1688": 0.004725377462569799, "1689": 2.3715347785558088E-4, "1690": 0.0, "1691": 8.75978335706264E-5, "1692": 0.0012812923391052006, "1693": 3.029312965224988E-5, "1694": 9.77241739986496E-4, "1695": 6.406426068330962E-5, "1696": 2.1717631285569718E-4, "1697": 1.9627320980532953E-4, "1698": 5.04758599812414E-4, "1699": 9.95199950101522E-4, "1700": 7.064328041294478E-5, "1701": 4.9552055210977116E-5, "1702": 0.0020888393896111154, "1703": 0.009049657727174372, "1704": 1.8427040572776597E-4, "1705": 2.3664252712555774E-4, "1706": 1.8466718318314626E-4, "1707": 6.998741554272282E-4, "1708": 4.4022911808131684E-5, "1709": 0.00207110781915026, "1710": 1.8126770753433583E-5, "1711": 9.68054211035818E-4, "1712": 1.5510899266532553E-4, "1713": 2.163594363991092E-4, "1714": 5.983158016128425E-4, "1715": 0.0023729511547363404, "1716": 1.3610894866927177E-4, "1717": 6.907059516458161E-4, "1718": 0.0016016414561777206, "1719": 1.4572757768696704E-4, "1720": 7.262820630753872E-4, "1721": 2.451948497830094E-4, "1722": 6.103290065503549E-4, "1723": 1.574969390788841E-5, "1724": 4.14771117615483E-4, "1725": 0.003279477456860498, "1726": 3.4227451278915987E-4, "1727": 0.001681978105897798, "1728": 1.6193105824936527E-5, "1729": 0.0010671047200748243, "1730": 0.0032785608377780408, "1731": 2.9815665609763226E-6, "1732": 8.159219127136405E-5, "1733": 0.0011273534994064062, "1734": 1.016642922909738E-4, "1735": 2.7533920894751244E-4, "1736": 4.975991014155866E-4, "1737": 5.9631386117008746E-5, "1738": 1.1946961586366419E-4, "1739": 0.0010006078757156163, "1740": 1.151330554626784E-4, "1741": 3.5642313994072174E-4, "1742": 2.9523081613242065E-4, "1743": 1.713264897121285E-4, "1744": 3.910925438502647E-4, "1745": 4.2176545851165307E-4, "1746": 0.0044342177773449305, "1747": 1.2985257665130612E-4, "1748": 3.2626697589648907E-6, "1749": 1.0685790251523911E-4, "1750": 0.001092728500600694, "1751": 6.190733655919623E-5, "1752": 3.5096287641882355E-4, "1753": 1.9155583279855797E-4, "1754": 1.6391817774857078E-4, "1755": 0.0, "1756": 2.5477923042157655E-5, "1757": 3.726341309056776E-4, "1758": 0.003926145797943472, "1759": 7.568253279547995E-7, "1760": 6.598265879046773E-4, "1761": 0.005555099290284774, "1762": 0.0, "1763": 6.506815667012966E-5, "1764": 9.299651630934012E-6, "1765": 5.623845568971666E-4, "1766": 1.4207847932930787E-4, "1767": 2.517985724714939E-4, "1768": 0.003610175380416987, "1769": 2.6132353279741466E-5, "1770": 7.041547600530108E-4, "1771": 4.536912700221421E-6, "1772": 1.2674168727753047E-4, "1773": 3.1657540213241015E-5, "1774": 4.4261231414502396E-4, "1775": 1.9958234599946767E-8, "1776": 0.0, "1777": 9.014867869459954E-7, "1778": 7.831741288726441E-4, "1779": 5.248783141823468E-4, "1780": 1.6094417096599562E-4, "1781": 3.264647749709452E-4, "1782": 2.064703185402002E-4, "1783": 0.007728318904097405, "1784": 2.349665753244959E-4, "1785": 0.001480337785145023, "1786": 7.887967140348442E-4, "1787": 0.004042929048801729, "1788": 2.7253249509214428E-5, "1789": 1.6050349440309064E-4, "1790": 8.475536700911602E-4, "1791": 0.0016029392717490664, "1792": 1.030603473977502E-5, "1793": 2.860812740343839E-4, "1794": 0.005463856030943519, "1795": 8.745190450466095E-5, "1796": 3.264436225297788E-5, "1797": 9.681093218449412E-4, "1798": 7.573831356370732E-5, "1799": 4.579538649650608E-4, "1800": 0.004374075296737348, "1801": 4.1082245786467246E-5, "1802": 5.246574237913883E-7, "1803": 5.120027390627894E-4, "1804": 0.0011513566658425368, "1805": 7.400465863145323E-5, "1806": 6.63621231923723E-4, "1807": 0.0020923902153843323, "1808": 0.002779454594017625, "1809": 2.9052069913177873E-4, "1810": 1.996671158538693E-4, "1811": 1.1243149538585049E-4, "1812": 6.245569158884646E-5, "1813": 0.003025871348582787, "1814": 8.431089431834827E-5, "1815": 3.2038016208239585E-5, "1816": 1.9244319476064952E-4, "1817": 4.8504360150371265E-5, "1818": 6.610311294913327E-4, "1819": 3.3191369587380056E-4, "1820": 2.1105137079450894E-4, "1821": 3.0729589040898995E-6, "1822": 7.63563497134003E-6, "1823": 4.25925634080641E-4, "1824": 1.317600299660611E-4, "1825": 0.0010449912724380312, "1826": 1.0602825872905905E-4, "1827": 0.0027879102709276763, "1828": 7.251509115358814E-4, "1829": 1.8699194901394432E-4, "1830": 3.3084252447104426E-4, "1831": 0.0030731791009267462, "1832": 6.309383450555292E-5, "1833": 0.0011772741932989932, "1835": 0.0032277656927701373, "1836": 2.269276102291484E-5, "1837": 6.684713702033304E-4, "1838": 1.089200717670756E-5, "1839": 8.711821698166293E-4, "1840": 2.716519586037665E-4, "1841": 4.411021741605415E-5, "1842": 2.5729531881027017E-4, "1843": 1.9936658330082035E-4, "1844": 0.0023804156648995494, "1845": 8.886250022199622E-4, "1846": 3.034821676271721E-4, "1847": 0.004544679537453066, "1848": 1.4492465065533672E-5, "1849": 1.3463811190097971E-4, "1850": 1.8416024948477572E-4, "1851": 8.007071518503564E-4, "1852": 1.848492899642871E-4, "1853": 3.0500092056194765E-6, "1854": 0.0, "1855": 2.5487925976740697E-5, "1856": 0.0, "1857": 1.913101156846987E-4, "1858": 0.0024881657810842638, "1859": 3.820688467400189E-5, "1860": 0.0018981173076549132, "1861": 0.002563893961061877, "1862": 1.5378955096665542E-4, "1863": 7.437000534302151E-4, "1864": 4.413141661365196E-4, "1865": 9.074631335411855E-7, "1866": 0.003449691373169506, "1867": 7.9720912505595E-4, "1868": 3.633151720511571E-4, "1869": 1.0029226612458392E-5, "1870": 7.843593452514404E-5, "1871": 4.2715606932879855E-4, "1872": 2.248422095167918E-4, "1873": 1.7198752873747784E-5, "1874": 2.0231351029842068E-6, "1875": 1.0245307821506802E-4, "1876": 0.001963233409354632, "1877": 1.0335037316647788E-4, "1878": 4.333730965261732E-5, "1879": 2.930691750967492E-4, "1880": 5.396802857109792E-5, "1881": 0.0034605154097694262, "1882": 2.708232950169987E-4, "1883": 2.017576377749971E-4, "1884": 8.086901108347645E-6, "1885": 3.106615384182194E-4, "1886": 0.0011293255623832119, "1887": 3.6280535634006316E-6, "1888": 0.0030949940979450264, "1889": 0.0025356396433686996, "1890": 0.004827138536812327, "1891": 1.7251957949496449E-4, "1892": 1.4720541990196596E-7, "1893": 7.215330521707782E-4, "1894": 0.003352038374842524, "1895": 9.220745421157914E-4, "1896": 4.571282213582966E-4, "1897": 6.168473891105009E-4, "1898": 1.732714035257886E-4, "1899": 8.466627713069303E-4, "1900": 4.3433405019671524E-5, "1901": 3.9191777273739673E-4, "1902": 8.884384991597042E-4, "1903": 7.647860685295654E-5, "1904": 1.4830929147888354E-4, "1905": 7.929952686500077E-5, "1906": 7.791220197323529E-5, "1907": 5.687968267850445E-4, "1908": 1.6217470222949266E-4, "1909": 0.0033050056509086176, "1910": 8.042701754964976E-4, "1911": 0.0011308443525310792 }'),
(RANDOM_UUID(), 278, '7d2d744d-fa0b-4199-b96c-519892f95e89', 95, 'de999b85-c476-47e2-8950-45a4174b0dc7', '{"512": 6.744545518088514E-4, "513": 0.006726175005390446, "514": 0.0030705556170487766, "515": 0.002168843793594671, "516": 0.0013010722097713924, "517": 0.004760521092023346, "518": 0.001141889896333887, "519": 8.067672141835459E-4, "520": 0.002049535711121019, "521": 1.4351765054940524E-4, "522": 6.326926099505091E-5, "523": 0.002264212129195322, "524": 0.0015213431043698332, "525": 0.005947350795335873, "526": 3.794599087937643E-4, "527": 0.001235079751101964, "528": 3.766103756896787E-4, "529": 2.94165838512881E-4, "530": 1.2262099485194062E-5, "531": 0.006884536893372758, "532": 0.01569082290926201, "533": 4.506212449161169E-4, "534": 4.503727497106851E-4, "535": 1.0439626038102742E-4, "536": 3.5451900298477267E-4, "537": 5.238778056445272E-4, "538": 0.0021439198741010352, "539": 0.0032284880158927, "540": 2.41870327466581E-4, "541": 3.8726110999451747E-4, "542": 0.003176479224003516, "543": 0.0014078617014073168, "544": 0.003022644696979523, "545": 0.0025377093256929717, "546": 0.0020542360023436236, "34": 5.146348733480277E-5, "547": 0.0013198521590278094, "548": 0.0014346351610551162, "549": 0.043435781620939744, "551": 1.9780443244577856E-4, "552": 2.615733395498109E-4, "553": 0.006088561501673917, "554": 0.0010307608365215063, "555": 0.0027800334426601597, "556": 0.0017357432963650058, "557": 0.0017946282418458193, "558": 4.497804871850312E-4, "559": 0.0031497521886958897, "560": 0.001124573019429186, "561": 0.006379599398840713, "562": 2.2012231288207843E-5, "563": 0.05060397658462422, "564": 0.0023037130660449046, "565": 2.0927907767924074E-4, "566": 0.0012726166081823262, "567": 0.004309371164758173, "568": 3.4992533113953957E-4, "569": 1.0150659602223508E-4, "570": 0.001990145275194958, "571": 0.0, "572": 0.0, "173": 9.143289395875857E-4, "198": 0.038955258910415846, "349": 3.3345324825145444E-6, "350": 0.009825648637346418, "351": 0.002187325057280214, "352": 3.2031927075784817E-4, "353": 0.0032292161315045733, "354": 8.162520716529173E-4, "355": 0.0027949121279116384, "356": 1.332569239787042E-4, "357": 7.393804721364485E-4, "359": 0.002685233576798038, "360": 0.0023179704295218655, "361": 0.0027256733934988286, "362": 5.556306749615274E-4, "363": 0.002266756552297835, "364": 5.0883683170678686E-5, "365": 4.679142437414856E-6, "366": 0.0012680507184063164, "367": 0.0015998736815631923, "368": 0.002177138176664879, "369": 0.005733561421032318, "370": 0.004255285114408564, "371": 1.604360613150524E-5, "372": 0.0022169189545969683, "373": 0.02713896374643731, "374": 0.003559293005503783, "375": 1.3460579127774085E-5, "376": 0.02074838403188366, "377": 0.0, "378": 0.0026184067302916624, "379": 0.0, "380": 1.2294486672754257E-5, "381": 7.328467313811504E-5, "382": 3.8068921282524887E-5, "383": 0.004484304932735425, "384": 2.615733395498109E-4, "385": 2.391440701948519E-6, "386": 0.004484304932735427, "387": 0.01373018281096567, "388": 8.037606383614631E-4, "389": 0.001482229267725397, "390": 2.06172175309708E-5, "391": 0.0035859412408797415, "392": 3.4320033689106327E-4, "393": 0.0, "394": 3.010260066287446E-4, "395": 0.003211998517084743, "396": 6.337436405711025E-4, "397": 0.014325947146627617, "398": 8.345451091680956E-4, "399": 1.0965481817499754E-5, "400": 0.002508517774834211, "401": 0.0, "402": 0.0028812303040029554, "403": 2.552581073947637E-4, "404": 0.0028799077413508545, "405": 0.0011325414746327696, "406": 0.0012671503723347493, "407": 9.582177192500889E-4, "408": 0.00276091615585217, "409": 0.0012048795269298661, "410": 4.083589201879442E-4, "411": 3.123300970526422E-4, "412": 0.0323377090985647, "413": 6.719585938389824E-4, "414": 0.007914954795334857, "415": 8.849098384642397E-4, "416": 3.70898557799191E-4, "417": 0.0016865873418257047, "418": 0.001052187202758168, "419": 0.022748058967417543, "420": 2.1973959941617475E-4, "421": 0.0020176531570630335, "422": 0.0023908478315316133, "423": 0.0011880943165219864, "424": 2.7861241784440883E-4, "425": 0.0011558280053780878, "426": 4.2768192229764165E-4, "427": 0.00415771054065158, "428": 0.02238777054251321, "429": 4.1549523924718475E-5, "430": 0.0012224077564981187, "431": 0.009721085411943869, "432": 0.005140016274912108, "433": 3.44565679420945E-4, "434": 0.004815656749414502, "435": 7.820079335292769E-4, "436": 0.0025998916157459304, "437": 0.018695138462433133, "438": 0.0020975216847963006, "439": 0.0021169569606008087, "440": 3.826159307379762E-4, "441": 1.0965481817499754E-5, "442": 2.028973565432608E-4, "443": 0.0, "444": 0.0027395583294310146, "445": 5.653560128653325E-4, "446": 2.455663541630868E-4, "448": 0.0, "449": 3.6625749477040915E-4, "450": 5.059098811379168E-4, "451": 1.3574624452383004E-4, "452": 0.0033436741696173428, "453": 0.008948410293701775, "454": 0.0, "455": 0.007281351707112963, "456": 0.004964546157746497, "457": 0.0016260667743863441, "458": 0.001547112910295915, "459": 1.9091710459721566E-4, "460": 0.011597014960514723, "461": 0.0010678312187753166, "462": 0.01650214994533028, "463": 0.02060782821521332, "464": 4.952426477090153E-4, "465": 0.003938216232845697, "466": 4.568950757291564E-6, "467": 0.0, "468": 0.0, "469": 0.0028463946651763068, "470": 3.6333285487827826E-4, "471": 4.160666696446936E-4, "472": 0.004307750408057365, "473": 0.0010999214336104683, "474": 1.4486986389546512E-4, "475": 0.015396491790276612, "476": 0.0, "477": 2.5814186889060354E-4, "478": 1.948784852355963E-4, "479": 7.204305853279937E-4, "480": 1.5700326327511613E-4, "481": 0.0022732291922004703, "482": 5.380366248533085E-4, "483": 0.00492759632403689, "484": 0.002385588752031678, "485": 0.0, "486": 2.664332744911076E-4, "487": 0.0011755224430740653, "488": 2.988311818072931E-4, "489": 5.729861245410586E-4, "490": 2.454707310232325E-4, "491": 7.107464061455038E-5, "492": 0.0018212861783812552, "493": 0.004186450663020893, "494": 4.368081139235706E-4, "495": 1.6626627468024213E-4, "496": 0.0026285902998683746, "497": 0.012723096846184171, "498": 0.015780175440378793, "499": 0.0, "500": 0.009914385769906185, "501": 1.0965481817499754E-5, "502": 8.953806307030941E-5, "503": 0.0024426674684364827, "504": 0.011932535606363783, "505": 1.9457926582132023E-4, "506": 0.003459890102978894, "507": 0.0061517811027189395, "508": 0.002010062161775793, "509": 2.3454779783647114E-4, "510": 0.001764510873063361, "511": 1.7279164259080163E-4 }'),
(RANDOM_UUID(), 278, '4b80d4ec-cb47-44a3-9bb6-8175d5dadf63', 95, 'de999b85-c476-47e2-8950-45a4174b0dc7', '{"512": 6.744545518088514E-4, "513": 0.006726175005390446, "514": 0.0030705556170487766, "515": 0.002168843793594671, "516": 0.0013010722097713924, "517": 0.004760521092023346, "518": 0.001141889896333887, "519": 8.067672141835459E-4, "520": 0.002049535711121019, "521": 1.4351765054940524E-4, "522": 6.326926099505091E-5, "523": 0.002264212129195322, "524": 0.0015213431043698332, "525": 0.005947350795335873, "526": 3.794599087937643E-4, "527": 0.001235079751101964, "528": 3.766103756896787E-4, "529": 2.94165838512881E-4, "530": 1.2262099485194062E-5, "531": 0.006884536893372758, "532": 0.01569082290926201, "533": 4.506212449161169E-4, "534": 4.503727497106851E-4, "535": 1.0439626038102742E-4, "536": 3.5451900298477267E-4, "537": 5.238778056445272E-4, "538": 0.0021439198741010352, "539": 0.0032284880158927, "540": 2.41870327466581E-4, "541": 3.8726110999451747E-4, "542": 0.003176479224003516, "543": 0.0014078617014073168, "544": 0.003022644696979523, "545": 0.0025377093256929717, "546": 0.0020542360023436236, "34": 5.146348733480277E-5, "547": 0.0013198521590278094, "548": 0.0014346351610551162, "549": 0.043435781620939744, "551": 1.9780443244577856E-4, "552": 2.615733395498109E-4, "553": 0.006088561501673917, "554": 0.0010307608365215063, "555": 0.0027800334426601597, "556": 0.0017357432963650058, "557": 0.0017946282418458193, "558": 4.497804871850312E-4, "559": 0.0031497521886958897, "560": 0.001124573019429186, "561": 0.006379599398840713, "562": 2.2012231288207843E-5, "563": 0.05060397658462422, "564": 0.0023037130660449046, "565": 2.0927907767924074E-4, "566": 0.0012726166081823262, "567": 0.004309371164758173, "568": 3.4992533113953957E-4, "569": 1.0150659602223508E-4, "570": 0.001990145275194958, "571": 0.0, "572": 0.0, "173": 9.143289395875857E-4, "198": 0.038955258910415846, "349": 3.3345324825145444E-6, "350": 0.009825648637346418, "351": 0.002187325057280214, "352": 3.2031927075784817E-4, "353": 0.0032292161315045733, "354": 8.162520716529173E-4, "355": 0.0027949121279116384, "356": 1.332569239787042E-4, "357": 7.393804721364485E-4, "359": 0.002685233576798038, "360": 0.0023179704295218655, "361": 0.0027256733934988286, "362": 5.556306749615274E-4, "363": 0.002266756552297835, "364": 5.0883683170678686E-5, "365": 4.679142437414856E-6, "366": 0.0012680507184063164, "367": 0.0015998736815631923, "368": 0.002177138176664879, "369": 0.005733561421032318, "370": 0.004255285114408564, "371": 1.604360613150524E-5, "372": 0.0022169189545969683, "373": 0.02713896374643731, "374": 0.003559293005503783, "375": 1.3460579127774085E-5, "376": 0.02074838403188366, "377": 0.0, "378": 0.0026184067302916624, "379": 0.0, "380": 1.2294486672754257E-5, "381": 7.328467313811504E-5, "382": 3.8068921282524887E-5, "383": 0.004484304932735425, "384": 2.615733395498109E-4, "385": 2.391440701948519E-6, "386": 0.004484304932735427, "387": 0.01373018281096567, "388": 8.037606383614631E-4, "389": 0.001482229267725397, "390": 2.06172175309708E-5, "391": 0.0035859412408797415, "392": 3.4320033689106327E-4, "393": 0.0, "394": 3.010260066287446E-4, "395": 0.003211998517084743, "396": 6.337436405711025E-4, "397": 0.014325947146627617, "398": 8.345451091680956E-4, "399": 1.0965481817499754E-5, "400": 0.002508517774834211, "401": 0.0, "402": 0.0028812303040029554, "403": 2.552581073947637E-4, "404": 0.0028799077413508545, "405": 0.0011325414746327696, "406": 0.0012671503723347493, "407": 9.582177192500889E-4, "408": 0.00276091615585217, "409": 0.0012048795269298661, "410": 4.083589201879442E-4, "411": 3.123300970526422E-4, "412": 0.0323377090985647, "413": 6.719585938389824E-4, "414": 0.007914954795334857, "415": 8.849098384642397E-4, "416": 3.70898557799191E-4, "417": 0.0016865873418257047, "418": 0.001052187202758168, "419": 0.022748058967417543, "420": 2.1973959941617475E-4, "421": 0.0020176531570630335, "422": 0.0023908478315316133, "423": 0.0011880943165219864, "424": 2.7861241784440883E-4, "425": 0.0011558280053780878, "426": 4.2768192229764165E-4, "427": 0.00415771054065158, "428": 0.02238777054251321, "429": 4.1549523924718475E-5, "430": 0.0012224077564981187, "431": 0.009721085411943869, "432": 0.005140016274912108, "433": 3.44565679420945E-4, "434": 0.004815656749414502, "435": 7.820079335292769E-4, "436": 0.0025998916157459304, "437": 0.018695138462433133, "438": 0.0020975216847963006, "439": 0.0021169569606008087, "440": 3.826159307379762E-4, "441": 1.0965481817499754E-5, "442": 2.028973565432608E-4, "443": 0.0, "444": 0.0027395583294310146, "445": 5.653560128653325E-4, "446": 2.455663541630868E-4, "448": 0.0, "449": 3.6625749477040915E-4, "450": 5.059098811379168E-4, "451": 1.3574624452383004E-4, "452": 0.0033436741696173428, "453": 0.008948410293701775, "454": 0.0, "455": 0.007281351707112963, "456": 0.004964546157746497, "457": 0.0016260667743863441, "458": 0.001547112910295915, "459": 1.9091710459721566E-4, "460": 0.011597014960514723, "461": 0.0010678312187753166, "462": 0.01650214994533028, "463": 0.02060782821521332, "464": 4.952426477090153E-4, "465": 0.003938216232845697, "466": 4.568950757291564E-6, "467": 0.0, "468": 0.0, "469": 0.0028463946651763068, "470": 3.6333285487827826E-4, "471": 4.160666696446936E-4, "472": 0.004307750408057365, "473": 0.0010999214336104683, "474": 1.4486986389546512E-4, "475": 0.015396491790276612, "476": 0.0, "477": 2.5814186889060354E-4, "478": 1.948784852355963E-4, "479": 7.204305853279937E-4, "480": 1.5700326327511613E-4, "481": 0.0022732291922004703, "482": 5.380366248533085E-4, "483": 0.00492759632403689, "484": 0.002385588752031678, "485": 0.0, "486": 2.664332744911076E-4, "487": 0.0011755224430740653, "488": 2.988311818072931E-4, "489": 5.729861245410586E-4, "490": 2.454707310232325E-4, "491": 7.107464061455038E-5, "492": 0.0018212861783812552, "493": 0.004186450663020893, "494": 4.368081139235706E-4, "495": 1.6626627468024213E-4, "496": 0.0026285902998683746, "497": 0.012723096846184171, "498": 0.015780175440378793, "499": 0.0, "500": 0.009914385769906185, "501": 1.0965481817499754E-5, "502": 8.953806307030941E-5, "503": 0.0024426674684364827, "504": 0.011932535606363783, "505": 1.9457926582132023E-4, "506": 0.003459890102978894, "507": 0.0061517811027189395, "508": 0.002010062161775793, "509": 2.3454779783647114E-4, "510": 0.001764510873063361, "511": 1.7279164259080163E-4 }'),
(RANDOM_UUID(), 42, '70cbe3e8-d6fa-4f2d-9903-8967b1f40bdf', 89, '3eebbcc9-e33f-46fa-b0de-a5c4d52840d6', '{"0": 0.0, "1": 0.2, "2": 0.2, "3": 0.2, "4": 0.2, "5": 0.2, "6": 0.2 }'),
(RANDOM_UUID(), 24, '8b9e1b72-4a34-4631-ab99-ad1aeed16764', 53, '3eebbcc9-e33f-46fa-b0de-a5c4d52840d6', '{"0": 0.0, "1": 0.0873015873015873, "2": 0.23809523809523808, "3": 0.13492063492063494, "4": 0.11111111111111109, "5": 0.0873015873015873, "6": 0.1349206349206349, "7": 0.19047619047619047, "8": 0.11111111111111109 } '),
(RANDOM_UUID(), 20, '27005572-7230-4944-a04c-049e8544ea7a', 67, '3eebbcc9-e33f-46fa-b0de-a5c4d52840d6', '{"0": 0.0, "1": 1.0, "2": 0.0, "3": 0.0, "4": 0.0, "5": 0.0, "6": 0.0, "7": 0.0 }'),
(RANDOM_UUID(), 17, '7f62e93f-5f3d-489a-a7ca-22218506e46a', 80, '3eebbcc9-e33f-46fa-b0de-a5c4d52840d6', '{"0": 0.0, "1": 0.5172413793103449, "2": 0.6379310344827587, "3": 0.6157635467980296, "4": 0.3620689655172414, "5": 0.3620689655172414, "6": 0.3620689655172414, "7": 0.3103448275862069, "8": 0.1354679802955665, "9": 0.1354679802955665, "10": 0.1354679802955665, "11": 0.1354679802955665, "12": 0.1354679802955665, "13": 0.1354679802955665, "14": 0.1354679802955665, "15": 0.06896551724137931, "16": 0.0, "17": 0.0, "18": 0.0, "19": 0.0, "20": 0.0, "21": 0.0, "22": 0.0, "23": 0.0, "24": 0.0, "25": 0.0, "26": 0.0, "27": 0.0, "28": 0.0, "29": 0.0, "30": 0.0 } '),
(RANDOM_UUID(), 20, '96a055cc-74d4-4468-87ad-35120eb8d054', 90, '3eebbcc9-e33f-46fa-b0de-a5c4d52840d6', '{"0": 0.0, "1": 0.4744897959183674, "2": 0.6760204081632653, "3": 0.5221088435374149, "4": 0.4583333333333333, "5": 0.4583333333333333, "6": 0.32142857142857145, "7": 0.22704081632653061, "8": 0.22704081632653061, "9": 0.22704081632653061, "10": 0.22704081632653061, "11": 0.22704081632653061, "12": 0.1921768707482993, "13": 0.08078231292517007, "14": 0.08078231292517007, "15": 0.08078231292517007, "16": 0.08078231292517007, "17": 0.08078231292517007, "18": 0.08078231292517007, "19": 0.08078231292517007, "20": 0.08078231292517007, "21": 0.08078231292517007, "22": 0.08078231292517007, "23": 0.08078231292517007, "24": 0.08078231292517007, "25": 0.04081632653061224, "26": 0.0, "27": 0.0, "28": 0.0, "29": 0.0, "30": 0.0, "31": 0.0, "32": 0.0, "33": 0.0, "34": 0.0, "35": 0.0, "36": 0.0, "37": 0.0, "38": 0.0, "39": 0.0, "40": 0.0, "41": 0.0, "42": 0.0, "43": 0.0, "44": 0.0, "45": 0.0, "46": 0.0, "47": 0.0, "48": 0.0, "49": 0.0, "50": 0.0 } '),
(RANDOM_UUID(), 17, 'bc85fd52-7e1b-4189-98af-f8929779aae5', 100, '3eebbcc9-e33f-46fa-b0de-a5c4d52840d6', '{"1": 0.0021677484407465145, "2": 8.843768784316178E-5, "3": 0.002568620016803517, "4": 0.005732901394096022, "5": 0.004109449585626025, "6": 4.549921741346049E-6, "7": 9.307040798887864E-4, "8": 0.002902850070978779, "9": 0.004926320833844988, "10": 6.6143935724424025E-6, "13": 7.247695139312447E-4, "14": 2.9413904352837265E-4, "16": 1.0952753781583376E-4, "17": 0.003102483700871528, "19": 0.08942143673809931, "20": 1.8480855595748427E-4, "21": 0.016549983521401117, "22": 5.604611424026351E-4, "23": 0.06511156297496085, "24": 5.3714383098394304E-5, "25": 0.04268143650867174, "26": 0.0047849741435721255, "27": 1.2442285992680927E-5, "28": 2.2076188941793384E-4, "29": 0.0017746935988433882, "30": 3.619766417172422E-4, "31": 0.008515457069640539, "32": 0.0, "33": 0.0, "34": 0.0, "35": 0.0, "36": 2.2749608706730244E-6, "38": 4.175149496929227E-4, "39": 6.376959837251213E-4, "40": 0.026659184351738557, "41": 0.02046218046827068, "42": 0.0, "44": 0.0, "45": 4.6427367304759295E-5, "46": 0.0, "47": 0.0, "48": 0.0038162429955117495, "49": 0.005851199359371018, "50": 4.047831360108358E-4, "51": 0.010222036286630307, "52": 0.0, "53": 0.005604441903122323, "54": 2.172167359758564E-4, "55": 1.2824706544100424E-4, "56": 0.00985724331778657, "57": 0.0037577621896403004, "58": 9.00137668648426E-5, "59": 1.1283867205163214E-4, "60": 1.1818364885451855E-5, "61": 0.002866450697048011, "62": 7.859398307492087E-4, "63": 0.0, "64": 3.3366092769871027E-6, "65": 4.128964152796636E-4, "66": 1.1637986700379975E-5, "67": 0.008853982382118894, "68": 1.8199686965384195E-5, "69": 5.849430939989927E-5, "70": 0.0, "71": 0.0, "72": 6.492170428282858E-4, "73": 5.252730327280933E-4, "75": 6.782243589513807E-5, "76": 0.0, "77": 1.5164265123329012E-4, "78": 0.0, "79": 5.398701715558807E-6, "80": 0.006368345107159928, "81": 0.0029301496014268553, "82": 0.0020418431771625084, "83": 0.010222036286630307, "84": 0.001944672143066098, "85": 1.3372093171693075E-4, "86": 0.0, "87": 2.665987977582767E-4, "88": 0.002686003098345464, "89": 0.008646367949137939, "90": 0.0, "91": 0.002902850070978779, "92": 1.9097994117810594E-4, "93": 5.99294391740089E-4, "94": 0.005086543998804504, "95": 6.066562321794732E-6, "96": 0.00239537084601936, "97": 0.0014605248789720817, "98": 0.0018887266302691, "99": 0.0015108606695733275, "100": 3.3378510618444575E-4, "101": 2.108492053623875E-4, "102": 0.0, "103": 4.2474712124420354E-4, "104": 0.001223847994516156, "105": 2.7499143430319793E-4, "106": 1.655804827517975E-4, "107": 0.0, "108": 3.6085310890643683E-4, "109": 0.002136733322691983, "110": 0.0, "111": 0.003069884775185794, "112": 0.0, "113": 0.0015736507705980975, "115": 0.022568645323170038, "116": 0.01402454875981617, "117": 6.272676447522223E-5, "118": 0.002619186458468465, "119": 0.03866686144788412, "120": 0.0014210607559563002, "121": 0.0011076082663236684, "122": 0.011376972399366683, "123": 7.102077992961398E-5, "124": 0.009477974490184622, "125": 1.3744062483219644E-5, "126": 8.172284940279258E-5, "127": 0.0012469060044506977, "128": 6.331570960174418E-4, "129": 4.093482706442291E-5, "130": 0.004990347524149695, "131": 0.0, "132": 0.0014736591800766842, "133": 0.003270934749334917, "134": 1.8966533285960795E-4, "135": 0.0, "136": 0.0019084579376038705, "137": 0.0033200563850405607, "138": 0.0, "139": 1.196804811782634E-6, "140": 1.1569524117249691E-4, "141": 6.462723421064326E-4, "142": 0.001494584257463337, "143": 0.0033182301538084882, "144": 0.011702377019514291, "145": 0.0, "146": 6.26199387365588E-4, "147": 4.549921741346049E-6, "148": 0.0011510391507043572, "149": 1.9457170381096542E-4, "150": 6.470329678825432E-4, "151": 7.785413867669308E-5, "152": 0.02571615768208787, "153": 0.0, "154": 0.0, "155": 4.292376171129856E-4, "156": 2.975669598330972E-4, "157": 1.8929289994442427E-4, "158": 0.002687379222547225, "159": 0.0034257093058343707, "160": 0.0, "161": 0.0012487789530406688, "162": 7.642122785960676E-5, "163": 0.0023272999235334053, "164": 2.5372504769388553E-6, "165": 4.6791378871345057E-5, "166": 0.002930149601426855, "167": 8.189859134422887E-6, "168": 4.55323713080185E-4, "169": 0.00424528855574477, "170": 0.014542264261482404, "171": 0.003985528197123559, "172": 0.0031038407230989853, "173": 0.0045096738910442155, "174": 4.549921741346049E-6, "175": 0.12303726733413918, "176": 8.133746646235866E-5, "177": 3.6017436570137733E-4, "178": 0.0011465228910227765, "179": 9.099843482692098E-6, "180": 3.571822532966318E-4, "181": 0.005732901394096022, "182": 4.549921741346049E-6, "183": 0.0, "184": 0.0018819407851147067, "185": 8.040563926735475E-4, "186": 0.0027567424905065295, "187": 1.7752434036324107E-4, "188": 0.0030993130165458643, "189": 3.3366092769871027E-6, "190": 0.003366601122266199, "191": 0.0, "192": 0.01453245004185928, "193": 5.4599060896152585E-5, "194": 1.3341040302192677E-4, "195": 0.0, "196": 0.001168936563111067, "197": 0.0013756679151320152, "198": 0.0, "199": 0.0027416661152424027, "200": 0.003708518220398314, "201": 0.0, "202": 0.004717103719938512, "203": 0.005802920593703291, "204": 0.00812703976779223, "205": 0.0, "206": 4.430034426375215E-5, "207": 0.0, "208": 6.15443985231341E-6, "211": 7.089322646686613E-4, "212": 2.1882793838570635E-4, "213": 0.008946741763961263, "214": 0.006995504023310072, "216": 0.0, "217": 9.402793239395164E-5, "218": 0.0, "219": 0.0029301496014268544, "220": 0.0, "221": 3.847297675684513E-5, "222": 0.0029613836775088265, "223": 1.877509568071006E-4, "224": 0.001008215259742873, "225": 3.442496396066663E-4, "226": 1.9707172145677903E-4, "227": 0.005668585511883925, "228": 0.0, "229": 0.0016934286642100666, "230": 0.023948095706315932, "231": 0.0014929323987343238, "232": 3.408389310160849E-4, "233": 0.0, "234": 0.0, "235": 1.6171108156500623E-5, "236": 0.0018213391984083073, "237": 0.010222036286630307, "238": 3.8714171786438764E-4, "239": 0.00733221523918132, "240": 0.0016136884862164116, "241": 0.0, "242": 0.002452788413024512, "243": 0.0033951120863212354, "244": 0.0, "245": 0.017198704182288065, "246": 4.635082693015961E-4, "247": 1.6696705047527787E-5, "248": 0.0011538633247942364, "249": 0.0025849117403804146, "250": 1.3827482435311906E-5, "251": 0.0011794475287843047, "252": 0.005328836725285318, "253": 0.0014605248789720817, "254": 4.3555848724535177E-5, "255": 0.0, "256": 0.0, "257": 6.319922853132221E-4, "258": 2.4318911070087598E-4, "259": 0.002902850070978779, "260": 0.004206223973076061, "261": 0.001248574313664243, "262": 0.0, "263": 1.8199686965384196E-6, "264": 0.0, "265": 5.15884100921724E-4, "266": 5.275678987785815E-5, "267": 0.0, "268": 1.5414790798645055E-5, "269": 0.007673859519683396, "270": 2.921848307148244E-5, "271": 0.007487185931364072, "272": 0.010781335440784742, "273": 0.0, "274": 3.299338421731676E-4, "275": 0.005732901394096022, "276": 1.0057259611433392E-4, "277": 0.13292892189114788, "278": 3.5152951439281984E-4, "279": 0.0, "280": 0.00665626271138239, "281": 0.001624098487084978, "282": 0.0, "283": 6.047921317312139E-4, "284": 0.0016925776848487244, "285": 0.006845019759072364, "286": 0.0, "288": 1.5732264403234177E-6, "289": 5.819613375068006E-4, "290": 9.090721359869246E-5, "291": 0.004169644254660249, "293": 0.0, "294": 1.5186516506798624E-4, "295": 5.4146068135864985E-5, "296": 1.8199686965384196E-6, "297": 2.732577464151621E-4, "298": 3.147029204431017E-6, "299": 3.7007323303768903E-4, "300": 4.651948622804826E-5, "301": 0.002930149601426855, "302": 6.551446030943571E-4, "303": 2.8504516811352196E-4, "304": 0.006774213612831971, "305": 0.0, "306": 0.0, "307": 0.020058709883844693, "308": 0.0013738299149944114, "309": 0.0, "310": 0.0012539645921932822, "311": 1.7550188412334056E-4, "312": 0.013089669418637404, "313": 0.003532771177601587, "314": 2.4136997481649853E-4, "315": 0.016216056507943524, "316": 0.0, "317": 4.901791440598562E-4, "318": 6.918293967171926E-5, "319": 0.008646367949137939, "320": 0.0028937778703038066, "321": 0.0, "322": 0.021579507276804875, "323": 0.0034367829728790683, "324": 0.009285677644915826, "325": 0.0018000790861055942, "326": 4.869308076389515E-4, "327": 0.0, "328": 0.0, "329": 0.01596764248370714, "330": 7.695416472986242E-5, "331": 6.373759628218651E-4, "332": 0.005853058098389318, "333": 2.799496971899116E-5, "334": 0.002433082699035932, "336": 0.0, "337": 6.147641256606657E-4, "338": 5.189900739204859E-5, "339": 0.032729772687344914, "340": 8.31202578695425E-5, "341": 3.229994758100813E-5, "342": 0.0014715322747529227, "343": 0.004287272551033784, "344": 8.242196109255138E-5, "345": 2.2604011389302386E-4, "346": 0.002326607312286291, "347": 3.518595609397638E-5 }'),
(RANDOM_UUID(), 20, '240f3f33-9b1c-4dd9-b2a6-0b89dfab3c65', 80, '3eebbcc9-e33f-46fa-b0de-a5c4d52840d6', '{"0": 0.0, "58": 6.834475332788127E-5, "171": 0.0038336545068868417, "348": 6.925962615219061E-5, "353": 0.0010919213828342982, "363": 4.6589778691739637E-4, "366": 4.885246071362109E-4, "376": 4.8353339717360734E-4, "389": 2.910471737112387E-4, "414": 3.2328069103041915E-4, "420": 9.102119818289419E-5, "428": 9.24637533333194E-4, "475": 3.849309981544483E-4, "483": 0.02128646602995796, "484": 0.004572577918428505, "517": 3.370210109543319E-4, "526": 0.007405653641077614, "538": 2.1902350822561827E-4, "563": 0.00403897014005932, "566": 3.6836074151802095E-4, "580": 3.7580410505032346E-4, "596": 0.002996845722464011, "601": 1.4638500835342423E-5, "606": 0.009146925191584582, "629": 2.4072418194396944E-5, "637": 0.008524897543129645, "641": 0.0023121600187382702, "649": 7.425740825915732E-5, "651": 9.803121328097724E-4, "896": 0.001516893226566209, "897": 8.904247926053371E-4, "898": 1.8571131962100022E-5, "899": 0.0, "900": 0.004157575304224613, "901": 3.324089405923112E-5, "902": 9.70734407459161E-6, "903": 9.52269631427175E-4, "904": 9.68054211035818E-4, "905": 1.3103726455299198E-4, "906": 1.549054618226676E-4, "907": 2.017513670201835E-4, "908": 0.0012531768587039215, "909": 0.001955412264939019, "910": 0.0, "912": 6.702937323652013E-4, "913": 0.0031371832595298546, "914": 3.614248328202991E-5, "915": 7.877141538528989E-4, "916": 0.0012725795688026701, "917": 0.02447631971880357, "919": 4.099626676497875E-4, "920": 9.094177151137204E-4, "921": 0.0024056254106015005, "922": 1.593760580546039E-4, "923": 6.348626031231295E-5, "924": 8.737033093700989E-4, "925": 0.001132090151776333, "926": 3.213876262086052E-5, "927": 0.00464330722626114, "928": 3.3339711830489987E-7, "929": 8.80523879610759E-6, "930": 2.128220301602734E-4, "931": 3.2211359889784844E-5, "932": 1.8432471398432688E-4, "933": 8.779900318000921E-5, "934": 8.391380375698703E-4, "935": 2.7109132173127533E-5, "936": 9.76745906698573E-5, "937": 9.552374909417216E-6, "938": 7.045697231250972E-4, "939": 3.955303990377554E-4, "940": 8.951434212141086E-5, "941": 6.385216801347412E-4, "942": 1.640931964635476E-4, "943": 6.195177824891384E-5, "944": 2.97291988734252E-4, "945": 0.0, "946": 0.0013789480238821656, "947": 0.002588858325668936, "948": 2.0808280557736686E-4, "949": 8.076527778469807E-5, "950": 4.518719823918606E-5, "951": 7.377920666430916E-4, "952": 5.2222356692656744E-5, "953": 0.0011742529946920236, "954": 2.6519754520018535E-4, "955": 2.5751959707414922E-5, "956": 2.22900387328116E-4, "957": 4.7788632315090356E-4, "958": 1.726311229554425E-5, "959": 5.6555780411018337E-5, "960": 8.843303467720947E-4, "961": 4.6608226132517747E-4, "962": 5.130730341090379E-4, "963": 7.87274102328083E-4, "964": 0.0012186536295916465, "965": 3.8895644650946285E-5, "966": 1.4531363255060442E-4, "967": 7.026368003754338E-4, "968": 0.0022342936758831975, "969": 3.8302334576864024E-5, "970": 9.1263468897384E-5, "971": 5.0490440955223046E-5, "972": 2.4632863059796812E-6, "973": 1.6408808109068696E-4, "974": 9.079561720274909E-6, "975": 1.0596193219211633E-4, "976": 1.8860712599092326E-5, "977": 1.3615748669918554E-4, "978": 0.001685892561869573, "979": 8.07214320467373E-5, "980": 0.001010962631901961, "981": 1.4386875468542588E-5, "982": 6.305384194237269E-4, "983": 7.890898261023664E-5, "984": 4.605608114254374E-5, "985": 1.5927709343044885E-6, "986": 6.817767118490661E-6, "987": 0.001065527678191347, "988": 1.8545499073917704E-5, "989": 2.300392509793901E-5, "990": 5.036200058715583E-5, "991": 0.0015030767998975454, "992": 6.389407563045051E-4, "993": 0.0013118634900348473, "994": 8.110784870020031E-4, "995": 0.0018276626384645337, "996": 8.57176884118704E-6, "997": 1.1080229107392014E-4, "998": 1.598836607493028E-5, "999": 1.028101856181561E-4, "1000": 4.7462814973285556E-4, "1001": 0.0015525730444448604, "1002": 4.8355808700481045E-4, "1003": 0.0010734049695492998, "1004": 4.2864262945173983E-4, "1005": 3.751037566032608E-6, "1006": 8.582099964164879E-4, "1007": 3.5861542116495155E-4, "1008": 4.2411665862091523E-4, "1009": 1.2695884540100074E-4, "1010": 5.374182697193406E-4, "1011": 1.8158214392536103E-4, "1012": 7.564500772617209E-4, "1013": 4.5238310775395967E-4, "1014": 0.003861468171822639, "1015": 1.4494304524413106E-5, "1016": 0.0, "1017": 0.0018900824517035697, "1018": 1.2333071824821427E-4, "1019": 7.549964807542169E-5, "1020": 0.002369299815850089, "1021": 0.0015057708241129166, "1022": 5.8792097209700984E-6, "1023": 4.8506457405771445E-4, "1024": 9.132565943336607E-4, "1025": 6.859756937929054E-4, "1026": 5.460443927266704E-4, "1027": 0.0, "1028": 8.426543124486381E-5, "1029": 0.0058987635446580465, "1030": 0.0020398380427854726, "1031": 2.3792195530985905E-6, "1032": 0.0024083355565888013, "1033": 4.697062532880208E-5, "1034": 0.0, "1035": 3.0829661083638256E-4, "1036": 9.195124749401241E-5, "1037": 4.0434905437546905E-4, "1038": 7.717242936502625E-6, "1039": 3.2622389638556844E-6, "1040": 9.868174824621053E-5, "1041": 4.8196589144514437E-4, "1042": 8.120508690501226E-5, "1043": 2.9660975729506995E-4, "1044": 8.606845322786069E-6, "1045": 7.178605010906829E-4, "1046": 0.0, "1047": 1.7855603359514567E-4, "1048": 0.0011354325524125907, "1049": 0.0017819788137039857, "1050": 1.4672468923474744E-4, "1051": 0.001875899963074085, "1052": 0.004339392355842043, "1053": 7.990224146505974E-4, "1054": 5.509979325535413E-4, "1055": 1.1764464913292547E-4, "1056": 2.595284502647046E-4, "1057": 6.044575977803158E-4, "1058": 6.003007606374542E-5, "1059": 0.0011139222547843744, "1060": 0.0017022476982147545, "1061": 1.6686302163913203E-5, "1062": 0.001476607359501001, "1063": 2.6497448824361286E-6, "1064": 0.0020673632989611696, "1065": 0.0, "1066": 5.729003413406636E-4, "1067": 2.442840760749698E-4, "1068": 4.6591988790074216E-4, "1069": 3.1351575139493156E-6, "1070": 0.0060560558893565306, "1071": 0.0, "1072": 1.2256815254261223E-4, "1073": 3.365202818389517E-4, "1074": 0.0010180808543570027, "1075": 0.001118850741193435, "1076": 0.001029838614942552, "1077": 9.234929704288086E-4, "1078": 7.687114946458795E-4, "1079": 2.2678484860120043E-4, "1080": 0.0027224343888614215, "1081": 3.516357612650769E-5, "1082": 3.578960805630666E-5, "1083": 3.881014258619907E-4, "1084": 6.655692735384088E-6, "1085": 0.0022550009238453267, "1086": 0.05327867358616448, "1087": 7.711067996128782E-5, "1088": 4.890388705158838E-4, "1089": 6.821191762707272E-5, "1090": 4.5225631242303994E-5, "1091": 0.006620770105556688, "1092": 1.3559405061422652E-4, "1093": 1.8042252013707739E-4, "1094": 4.302940157390067E-5, "1095": 2.474743206761267E-4, "1097": 1.0120893046968185E-4, "1098": 5.762769962369122E-4, "1099": 5.289331518450942E-5, "1100": 1.226560211312374E-4, "1101": 4.7728597556957644E-4, "1102": 6.663022182253613E-5, "1103": 1.3563099516048841E-5, "1104": 0.0020409035646437724, "1105": 4.8355808700481045E-4, "1106": 8.350139218779272E-4, "1107": 3.1599727820292434E-4, "1108": 2.0804893675353652E-5, "1109": 5.309899265448675E-4, "1110": 0.004288742945446822, "1111": 8.460272524025221E-6, "1112": 6.555837483656164E-5, "1113": 2.6326794680418684E-4, "1114": 8.141104540034742E-4, "1115": 1.1458632010415356E-5, "1116": 1.4005123030076531E-5, "1117": 7.491698666767123E-4, "1118": 3.697687211818247E-5, "1120": 2.916010039084062E-4, "1121": 2.624866823164482E-4, "1122": 8.207275231370598E-4, "1123": 5.994832528634417E-4, "1124": 0.0013693088255477567, "1125": 2.2043193465185853E-4, "1126": 0.0032071204987936916, "1127": 4.8533316279228243E-4, "1128": 0.004678706619914159, "1129": 8.261555201210834E-5, "1130": 2.253629249763455E-4, "1131": 2.1278205964316826E-4, "1132": 3.2558958489843604E-4, "1133": 5.842333466452122E-4, "1134": 4.0331497097272095E-4, "1135": 8.795661076638629E-4, "1136": 0.0017975921189645843, "1137": 3.0510684845569388E-5, "1138": 6.27782131719858E-4, "1139": 4.118325985288039E-5, "1140": 4.4071925288846017E-5, "1141": 1.1726124059545385E-5, "1142": 8.916797244091885E-5, "1143": 4.046048419720277E-4, "1144": 1.0622096331042716E-4, "1146": 0.002017918617302932, "1147": 1.093776915403924E-5, "1148": 4.7270249649372095E-4, "1149": 3.1046741502876557E-4, "1150": 1.906570635756015E-4, "1151": 6.01770888957183E-5, "1152": 1.6473606692802317E-4, "1153": 3.2920383090815063E-4, "1154": 1.1873118290668852E-4, "1155": 0.0017928451670341068, "1156": 2.2238689077229223E-4, "1157": 2.498358852903971E-6, "1158": 4.99889737517617E-4, "1159": 0.002859082677625323, "1160": 4.089117124444442E-4, "1161": 2.3755742481746132E-4, "1162": 2.705815679153599E-5, "1163": 1.2566265218593283E-4, "1164": 1.1233315998905606E-5, "1165": 0.002623013570443321, "1166": 7.396795553955345E-4, "1167": 9.2811423944379E-5, "1168": 9.095169720236788E-6, "1169": 9.215359288626485E-5, "1170": 9.19733968208604E-4, "1171": 0.0033922619354613717, "1172": 3.126130488534245E-4, "1173": 0.0045471954358271924, "1174": 3.1414209538648064E-5, "1175": 7.02801466838265E-4, "1176": 0.0, "1177": 0.0023651752105142564, "1178": 1.6321351043633764E-4, "1179": 1.4993114376189766E-4, "1180": 8.05318810499452E-5, "1181": 5.803625871491051E-5, "1182": 9.609001594312476E-4, "1183": 0.001102641690815264, "1184": 8.99188473291849E-4, "1185": 3.5829133639680457E-4, "1186": 4.896662676562681E-7, "1187": 9.761337591909149E-4, "1188": 5.715578208116657E-5, "1189": 0.0023498202670674912, "1190": 1.5786151159060066E-4, "1191": 3.043598943267672E-4, "1192": 0.004462262528658066, "1193": 4.97826659966759E-4, "1194": 0.001934232348019241, "1195": 6.987401853332019E-5, "1196": 3.4730887830694145E-4, "1197": 0.0015038334696404522, "1198": 5.6690184252575485E-5, "1199": 0.00140283911925409, "1200": 1.4062531612033227E-4, "1201": 6.106784194030513E-5, "1202": 0.003277026788149651, "1203": 3.34816010146883E-4, "1204": 0.0013436257821590003, "1205": 1.424811275599932E-4, "1207": 2.5522251684242773E-4, "1208": 0.0, "1209": 1.110897779074779E-4, "1210": 4.866087146800931E-4, "1211": 0.0012846916413221136, "1212": 3.9687925545643985E-4, "1213": 9.583020816498548E-5, "1214": 0.0016952310664039793, "1215": 1.4934799365252772E-4, "1216": 9.26856325027329E-4, "1217": 0.0018984363217007176, "1218": 4.919673269802292E-4, "1219": 1.2828185457367227E-4, "1220": 9.777727002321423E-6, "1221": 0.003288959916707639, "1222": 0.0032693554691192294, "1223": 6.900219482559709E-4, "1224": 0.0, "1225": 1.6279195879017388E-4, "1226": 0.001182046299265857, "1227": 4.416727306345356E-4, "1228": 1.7459711040929634E-4, "1229": 7.484592091451905E-5, "1230": 3.200401145749299E-4, "1231": 3.499143946802037E-4, "1232": 5.523904154339794E-4, "1233": 0.0, "1234": 2.8225304646011243E-5, "1235": 0.006379403371545898, "1236": 4.3663417079083474E-4, "1237": 0.005265478089051997, "1238": 0.0019474377936702272, "1239": 1.0233950084892237E-6, "1240": 0.0014217355038587095, "1241": 8.546656837934527E-5, "1242": 1.7177254313314625E-4, "1243": 9.706712875750567E-4, "1244": 1.480085382587246E-4, "1245": 0.002576594834028594, "1246": 0.0010960657529014424, "1247": 7.033845326064616E-4, "1248": 3.302576907120963E-4, "1249": 2.247748252293483E-5, "1250": 4.8785726478382265E-4, "1251": 4.710938860121183E-6, "1252": 0.0, "1253": 0.0, "1254": 3.098364989856914E-4, "1255": 5.825205101366716E-4, "1256": 4.623401341726509E-4, "1257": 6.496401927232313E-5, "1258": 0.002043194824400793, "1259": 6.446749060287411E-4, "1260": 1.2442526187160473E-4, "1261": 0.0014486323934162593, "1262": 0.0, "1263": 1.6810707188232173E-4, "1264": 1.2509711805267699E-5, "1265": 4.821046123624797E-5, "1266": 5.030547432998285E-4, "1267": 1.56639314983352E-4, "1268": 7.962868766632434E-4, "1269": 3.103819207588763E-4, "1270": 0.0, "1271": 2.44073702234706E-4, "1272": 5.497197011744351E-4, "1273": 0.002337297272715593, "1274": 0.0011076319807382035, "1275": 5.435075370195817E-4, "1276": 0.0, "1277": 0.002049725167700645, "1278": 0.0011941106495559747, "1279": 1.942179912862554E-5, "1280": 2.486813725573381E-4, "1281": 1.0076497565493988E-4, "1282": 2.9379182743776377E-4, "1283": 0.002722399491444491, "1284": 3.3435079998828007E-4, "1285": 6.8505233076432E-5, "1286": 1.854025729498741E-5, "1287": 1.8714937500230524E-5, "1288": 1.4400661768482748E-4, "1289": 2.1232521410835653E-4, "1290": 1.9569405717405954E-4, "1291": 2.4605916314433465E-4, "1292": 1.0277860730396898E-4, "1293": 1.2440502433701417E-5, "1294": 4.4256912770999197E-4, "1295": 3.9350213974372245E-5, "1296": 2.886070668778333E-4, "1297": 1.5901358927948787E-4, "1298": 0.0028924170506097603, "1299": 1.212195822371027E-4, "1300": 4.120120079048988E-5, "1301": 6.743902802223275E-6, "1302": 1.834650775792164E-4, "1303": 2.570508396030152E-4, "1304": 0.0011889649674489077, "1305": 0.0010221407529809167, "1306": 1.7579358490215152E-4, "1307": 6.11303895619526E-4, "1308": 1.650803580225979E-4, "1309": 8.950832466369527E-5, "1310": 3.387426671147458E-5, "1311": 2.846039590194628E-4, "1312": 6.97497483058396E-4, "1313": 6.747739795401335E-5, "1314": 0.0010061648981038404, "1315": 2.0252120377566448E-5, "1316": 1.8930437059125528E-5, "1317": 0.00158329737314251, "1318": 5.204950179848378E-4, "1319": 1.3045009552809574E-5, "1320": 4.1672900760387376E-4, "1321": 3.7243380468465076E-4, "1322": 5.116182736714822E-4, "1323": 6.607960806649161E-5, "1324": 2.563865717788161E-4, "1325": 8.770926003943702E-5, "1326": 0.0, "1327": 0.0023103859222661943, "1328": 4.0382542957834E-4, "1329": 7.096406961748815E-4, "1330": 0.001062816762443172, "1331": 4.531427693396109E-4, "1332": 4.538954336482303E-4, "1333": 2.2458053104672438E-5, "1334": 0.009447292478071759, "1335": 3.873985940667783E-4, "1336": 1.1484184205602224E-5, "1337": 0.00298559867271898, "1338": 0.002437204246691909, "1339": 0.0024379949146906433, "1340": 2.9332824167877753E-5, "1341": 3.140162286764531E-4, "1342": 2.2701679189848333E-4, "1343": 0.002090794547901791, "1344": 2.2826353101227908E-4, "1345": 3.8254201459918843E-4, "1346": 0.0, "1347": 0.0011923033233866536, "1348": 2.522274532642277E-4, "1349": 4.2800829992812174E-4, "1350": 9.318799000916972E-4, "1351": 7.34908479924793E-5, "1352": 0.0037013521311181734, "1353": 2.186271806110775E-4, "1354": 6.744625230511932E-5, "1355": 1.2767044986320585E-4, "1356": 1.3698027574662942E-4, "1357": 0.0024021885713878923, "1358": 0.0013687831307984855, "1359": 1.4094149550267454E-4, "1360": 0.0013187041640062146, "1361": 0.0016873059570837018, "1362": 0.0, "1363": 1.8589816320638684E-5, "1364": 3.446828700901057E-4, "1365": 1.3776319514740412E-5, "1366": 0.004538530390940683, "1367": 0.0010641113960360188, "1368": 2.5751959707414922E-5, "1369": 0.002881919901228041, "1370": 1.926331137959923E-4, "1371": 0.009334908168381565, "1372": 0.0, "1373": 0.0015116050925058917, "1374": 2.314231952791645E-4, "1375": 1.1071393858423042E-4, "1376": 9.278845664820666E-4, "1377": 0.0020753999736287517, "1378": 2.420768030547196E-5, "1379": 1.770661582606926E-5, "1380": 6.380409352025006E-5, "1381": 6.414908386271063E-6, "1382": 2.109291906743957E-5, "1383": 0.0, "1384": 6.648031239120582E-4, "1385": 2.4068794558251047E-4, "1387": 6.091713080855729E-4, "1388": 7.397586534919842E-5, "1389": 3.872293232428477E-5, "1390": 0.0014901288710527883, "1391": 0.0010259769348186247, "1392": 7.443669291383509E-5, "1393": 0.0016713592229125587, "1394": 0.0, "1395": 0.0, "1396": 5.529165694433524E-5, "1397": 1.1468567455986259E-4, "1398": 3.49271870617049E-5, "1399": 0.002262152302744733, "1400": 2.62860253021382E-5, "1401": 4.7913257143666156E-4, "1402": 8.006304597094444E-5, "1403": 0.0, "1404": 0.0018239728946464614, "1405": 6.892551529015719E-4, "1406": 4.403202626607449E-4, "1407": 2.294222400755703E-4, "1408": 4.952267560533621E-4, "1409": 0.001557446091766399, "1410": 9.235445829119063E-5, "1411": 3.478380936037205E-5, "1412": 2.552469531264586E-4, "1413": 1.2795837443535478E-4, "1414": 2.468518489993416E-8, "1415": 1.9135158354246403E-4, "1416": 2.8023228429460863E-4, "1417": 1.5611781056835218E-4, "1418": 9.07983416352659E-4, "1419": 4.2936989500149536E-4, "1420": 0.0032738709437478736, "1421": 2.968083371863936E-4, "1422": 3.6436003010343666E-4, "1423": 0.0021764656562219264, "1424": 0.0022135593905721306, "1425": 9.190499040408362E-4, "1426": 1.0004322533720776E-4, "1427": 0.0026331307762453844, "1428": 2.285059301711988E-4, "1429": 0.0012553378410754836, "1430": 0.0, "1431": 0.006949216135434757, "1432": 4.979726825319424E-5, "1433": 3.7435792918496165E-5, "1434": 1.1112507309943761E-4, "1435": 0.005265074741155547, "1436": 0.00538168677203084, "1437": 0.0011825572154917179, "1438": 4.968322241967898E-6, "1439": 3.1164445875240637E-7, "1440": 2.1805802612891983E-4, "1441": 3.530157911235275E-4, "1442": 3.8607644462572703E-4, "1443": 3.839929491554721E-6, "1444": 0.0018671628419561252, "1445": 5.525148058348826E-5, "1446": 1.707655597015159E-4, "1447": 0.0011028783632624018, "1448": 8.403456932227249E-4, "1449": 7.316563866795937E-4, "1450": 2.259666044415158E-4, "1451": 0.0011284649559866482, "1452": 7.040282628576473E-4, "1453": 0.0014459713847987925, "1454": 8.866882803267678E-5, "1455": 0.0, "1456": 4.4898065293939307E-4, "1457": 9.693109861057035E-5, "1458": 1.2019573003339167E-4, "1459": 6.237274842679842E-4, "1460": 3.991103893544165E-4, "1461": 3.704746816432774E-5, "1462": 1.7493787382752315E-4, "1463": 2.4349724616531932E-5, "1464": 1.5075674383726757E-4, "1465": 5.106218963983262E-4, "1467": 0.006981686083882729, "1468": 3.194390998083958E-5, "1469": 0.00699588387516315, "1470": 5.73318293826195E-4, "1471": 0.0030202529625276415, "1472": 0.006153557905556281, "1473": 0.005232948573697157, "1474": 1.8760740523949963E-7, "1475": 7.896527085853236E-4, "1476": 9.396377714934696E-6, "1477": 1.0900417359422956E-4, "1478": 4.3545660690766315E-5, "1479": 2.8099973579290814E-4, "1480": 0.0022919058554221453, "1481": 6.910778835597931E-5, "1482": 5.665638255551768E-4, "1483": 7.516785807847934E-4, "1484": 2.316565729524301E-5, "1485": 4.973219273728928E-5, "1486": 0.0, "1487": 0.0043041772825294505, "1488": 5.053182596114421E-4, "1489": 1.026100912430879E-5, "1490": 6.03162314389173E-6, "1491": 3.5602242127078497E-4, "1492": 0.003028358081689243, "1493": 1.3692252625495964E-6, "1494": 5.416428479766354E-4, "1495": 1.9983029139036877E-4, "1496": 8.444819341606923E-4, "1497": 0.0016769712662766405, "1498": 2.7836742460052564E-6, "1499": 4.7970228117697546E-4, "1500": 1.7389269604573462E-4, "1501": 2.61839748570236E-4, "1502": 5.985280109211544E-4, "1503": 4.711209038792547E-5, "1504": 6.191639326092097E-4, "1505": 0.00273719140236686, "1506": 3.503463087059472E-7, "1507": 5.444658794741653E-4, "1508": 3.75735080873182E-4, "1509": 0.0011227474227527446, "1510": 1.8032689811418583E-6, "1511": 2.9315610003389884E-4, "1512": 1.54600589542674E-4, "1513": 4.379260475778853E-4, "1514": 1.3237958895599065E-4, "1515": 3.89823915411487E-4, "1516": 3.698156478783591E-4, "1517": 2.3249397552871988E-5, "1518": 5.109984961232039E-4, "1519": 8.051664727596984E-4, "1520": 5.945170957071672E-4, "1521": 0.0, "1522": 0.0010546734137675663, "1523": 9.858441938767719E-4, "1524": 1.8874350549144938E-5, "1525": 0.001368437626198917, "1526": 1.495030120823021E-4, "1527": 4.89397365440986E-4, "1528": 0.0010771403618427483, "1529": 0.002360411555434782, "1530": 6.809651042384869E-5, "1531": 0.0015993159207451316, "1532": 1.2565906157938383E-5, "1533": 0.001499784001774073, "1534": 0.0010093207127961645, "1535": 1.586096504900211E-4, "1536": 0.008208001453081891, "1537": 7.475901424754912E-4, "1538": 1.485321941475485E-4, "1539": 1.2414012436633262E-4, "1540": 0.007575205360496179, "1541": 2.3741301852474417E-4, "1542": 7.803848534604307E-5, "1543": 3.460358379928115E-4, "1544": 3.752024605970451E-4, "1545": 0.0013172894563432006, "1546": 0.0, "1547": 1.4481664152493547E-4, "1548": 0.001745166328613795, "1549": 0.005793154929857199, "1550": 1.1087646509548464E-5, "1551": 6.368127953467742E-4, "1552": 3.13850840463767E-4, "1553": 0.006397121627175654, "1554": 8.194330052994917E-4, "1555": 0.001048709531476175, "1556": 4.815199020841955E-5, "1557": 6.945780894035778E-4, "1558": 0.0, "1559": 0.0014196221611714292, "1561": 0.0013631195656701486, "1562": 0.0025734166175444485, "1563": 5.351358298886833E-4, "1564": 4.1066685700478296E-4, "1565": 5.847258438914184E-4, "1566": 7.522615107689345E-4, "1567": 5.739735410390038E-4, "1568": 1.3253147345883104E-5, "1569": 0.0024669126397465217, "1570": 6.796710545142826E-4, "1571": 3.781307611101945E-4, "1572": 1.4974194310465527E-5, "1573": 5.789383024566311E-4, "1574": 0.002373364202093544, "1575": 3.9766144750839574E-4, "1576": 7.511318086391802E-5, "1577": 1.2086021808036679E-4, "1578": 5.6915205739478934E-5, "1579": 1.507723909884673E-7, "1580": 1.0164609558291647E-4, "1582": 6.115505239526698E-5, "1583": 9.378402797003141E-4, "1584": 0.02512610864426855, "1585": 6.975176133659217E-4, "1586": 0.0, "1587": 3.613538129075459E-5, "1588": 2.4723967736101717E-4, "1589": 0.0010447137378128803, "1590": 0.0012446178057684539, "1591": 0.0027404116153242294, "1592": 5.587410193766621E-6, "1593": 0.0040297746623078725, "1594": 3.920362862507167E-4, "1595": 0.0011823887185668093, "1596": 0.0012316373592374888, "1597": 5.297955376979728E-4, "1598": 0.0030824100858615673, "1599": 8.174554727368246E-5, "1600": 4.5258046964367395E-4, "1601": 3.462112057011607E-5, "1602": 5.1836479556066715E-6, "1603": 3.5139881626015707E-4, "1604": 0.0026773216834756475, "1605": 1.7241091252770833E-4, "1606": 2.7769221992424102E-5, "1607": 2.237611704631517E-5, "1608": 4.062171729256551E-4, "1609": 2.0354425625951638E-4, "1610": 6.086390066023048E-4, "1611": 0.0033602413352080895, "1612": 7.7359954662151E-4, "1613": 0.0010599434857270303, "1614": 1.3781745652391946E-4, "1615": 2.8596297265780696E-4, "1616": 2.988256359229704E-4, "1617": 3.4413193346768197E-4, "1618": 1.451408211532557E-4, "1619": 3.208690912106516E-4, "1620": 0.006838298481417756, "1621": 0.0027673053072159405, "1622": 9.637692982982694E-4, "1623": 1.44735676770393E-4, "1624": 3.521853702473984E-4, "1625": 2.9492818317085197E-5, "1626": 6.344015253289585E-4, "1627": 0.0, "1628": 4.6871671402323137E-4, "1629": 3.5874354441871916E-4, "1630": 0.00354921078127411, "1631": 1.3168596713926415E-7, "1632": 1.5928420803462811E-4, "1633": 1.0261942088268381E-4, "1634": 6.327702260796249E-4, "1635": 6.088063008618355E-5, "1636": 2.5957287767942297E-4, "1637": 0.0012482762677729685, "1638": 3.181837844700213E-5, "1639": 5.748364713369707E-4, "1640": 1.1421285103147516E-6, "1641": 4.798280255548187E-4, "1642": 0.0012002966935437136, "1643": 1.2783483083886514E-4, "1644": 2.210496924547004E-4, "1645": 2.6791746598335423E-4, "1646": 6.904064495678031E-4, "1647": 1.0350620974710427E-4, "1648": 1.506614523962361E-6, "1649": 7.014949601873555E-5, "1650": 7.637611695334505E-4, "1651": 0.0, "1652": 1.2149520670457746E-4, "1653": 4.335619882157281E-5, "1654": 1.713207409137E-5, "1655": 5.938580158051715E-5, "1656": 6.312135810524884E-4, "1657": 0.0, "1658": 1.5908036976225912E-4, "1659": 9.60672280734115E-5, "1660": 0.0017245002975577312, "1661": 4.938559422815838E-4, "1662": 3.491919243633694E-4, "1663": 0.0027910318855997197, "1664": 1.6208444111943986E-4, "1665": 2.4784927434174986E-4, "1666": 7.518574732385168E-4, "1667": 4.7045718003411915E-4, "1668": 3.1760985828804437E-4, "1669": 3.03743732342286E-4, "1670": 4.207592870270168E-4, "1671": 5.965314794903744E-4, "1672": 1.9686322967857182E-4, "1673": 1.4543797625131758E-4, "1674": 0.00402227106717494, "1675": 0.0014662388888035138, "1676": 1.53184026770367E-4, "1677": 1.7130964516169877E-4, "1678": 0.0013867332640878118, "1679": 3.7128070128605184E-4, "1680": 0.003237074659927858, "1681": 1.572320661563635E-4, "1682": 9.314595166481597E-5, "1683": 0.0026851509473976845, "1684": 0.001212182560752186, "1685": 2.5524038512937067E-4, "1686": 4.354794589195756E-4, "1687": 0.004824362940971845, "1688": 0.004725377462569799, "1689": 2.3715347785558088E-4, "1690": 0.0, "1691": 8.75978335706264E-5, "1692": 0.0012812923391052006, "1693": 3.029312965224988E-5, "1694": 9.77241739986496E-4, "1695": 6.406426068330962E-5, "1696": 2.1717631285569718E-4, "1697": 1.9627320980532953E-4, "1698": 5.04758599812414E-4, "1699": 9.95199950101522E-4, "1700": 7.064328041294478E-5, "1701": 4.9552055210977116E-5, "1702": 0.0020888393896111154, "1703": 0.009049657727174372, "1704": 1.8427040572776597E-4, "1705": 2.3664252712555774E-4, "1706": 1.8466718318314626E-4, "1707": 6.998741554272282E-4, "1708": 4.4022911808131684E-5, "1709": 0.00207110781915026, "1710": 1.8126770753433583E-5, "1711": 9.68054211035818E-4, "1712": 1.5510899266532553E-4, "1713": 2.163594363991092E-4, "1714": 5.983158016128425E-4, "1715": 0.0023729511547363404, "1716": 1.3610894866927177E-4, "1717": 6.907059516458161E-4, "1718": 0.0016016414561777206, "1719": 1.4572757768696704E-4, "1720": 7.262820630753872E-4, "1721": 2.451948497830094E-4, "1722": 6.103290065503549E-4, "1723": 1.574969390788841E-5, "1724": 4.14771117615483E-4, "1725": 0.003279477456860498, "1726": 3.4227451278915987E-4, "1727": 0.001681978105897798, "1728": 1.6193105824936527E-5, "1729": 0.0010671047200748243, "1730": 0.0032785608377780408, "1731": 2.9815665609763226E-6, "1732": 8.159219127136405E-5, "1733": 0.0011273534994064062, "1734": 1.016642922909738E-4, "1735": 2.7533920894751244E-4, "1736": 4.975991014155866E-4, "1737": 5.9631386117008746E-5, "1738": 1.1946961586366419E-4, "1739": 0.0010006078757156163, "1740": 1.151330554626784E-4, "1741": 3.5642313994072174E-4, "1742": 2.9523081613242065E-4, "1743": 1.713264897121285E-4, "1744": 3.910925438502647E-4, "1745": 4.2176545851165307E-4, "1746": 0.0044342177773449305, "1747": 1.2985257665130612E-4, "1748": 3.2626697589648907E-6, "1749": 1.0685790251523911E-4, "1750": 0.001092728500600694, "1751": 6.190733655919623E-5, "1752": 3.5096287641882355E-4, "1753": 1.9155583279855797E-4, "1754": 1.6391817774857078E-4, "1755": 0.0, "1756": 2.5477923042157655E-5, "1757": 3.726341309056776E-4, "1758": 0.003926145797943472, "1759": 7.568253279547995E-7, "1760": 6.598265879046773E-4, "1761": 0.005555099290284774, "1762": 0.0, "1763": 6.506815667012966E-5, "1764": 9.299651630934012E-6, "1765": 5.623845568971666E-4, "1766": 1.4207847932930787E-4, "1767": 2.517985724714939E-4, "1768": 0.003610175380416987, "1769": 2.6132353279741466E-5, "1770": 7.041547600530108E-4, "1771": 4.536912700221421E-6, "1772": 1.2674168727753047E-4, "1773": 3.1657540213241015E-5, "1774": 4.4261231414502396E-4, "1775": 1.9958234599946767E-8, "1776": 0.0, "1777": 9.014867869459954E-7, "1778": 7.831741288726441E-4, "1779": 5.248783141823468E-4, "1780": 1.6094417096599562E-4, "1781": 3.264647749709452E-4, "1782": 2.064703185402002E-4, "1783": 0.007728318904097405, "1784": 2.349665753244959E-4, "1785": 0.001480337785145023, "1786": 7.887967140348442E-4, "1787": 0.004042929048801729, "1788": 2.7253249509214428E-5, "1789": 1.6050349440309064E-4, "1790": 8.475536700911602E-4, "1791": 0.0016029392717490664, "1792": 1.030603473977502E-5, "1793": 2.860812740343839E-4, "1794": 0.005463856030943519, "1795": 8.745190450466095E-5, "1796": 3.264436225297788E-5, "1797": 9.681093218449412E-4, "1798": 7.573831356370732E-5, "1799": 4.579538649650608E-4, "1800": 0.004374075296737348, "1801": 4.1082245786467246E-5, "1802": 5.246574237913883E-7, "1803": 5.120027390627894E-4, "1804": 0.0011513566658425368, "1805": 7.400465863145323E-5, "1806": 6.63621231923723E-4, "1807": 0.0020923902153843323, "1808": 0.002779454594017625, "1809": 2.9052069913177873E-4, "1810": 1.996671158538693E-4, "1811": 1.1243149538585049E-4, "1812": 6.245569158884646E-5, "1813": 0.003025871348582787, "1814": 8.431089431834827E-5, "1815": 3.2038016208239585E-5, "1816": 1.9244319476064952E-4, "1817": 4.8504360150371265E-5, "1818": 6.610311294913327E-4, "1819": 3.3191369587380056E-4, "1820": 2.1105137079450894E-4, "1821": 3.0729589040898995E-6, "1822": 7.63563497134003E-6, "1823": 4.25925634080641E-4, "1824": 1.317600299660611E-4, "1825": 0.0010449912724380312, "1826": 1.0602825872905905E-4, "1827": 0.0027879102709276763, "1828": 7.251509115358814E-4, "1829": 1.8699194901394432E-4, "1830": 3.3084252447104426E-4, "1831": 0.0030731791009267462, "1832": 6.309383450555292E-5, "1833": 0.0011772741932989932, "1835": 0.0032277656927701373, "1836": 2.269276102291484E-5, "1837": 6.684713702033304E-4, "1838": 1.089200717670756E-5, "1839": 8.711821698166293E-4, "1840": 2.716519586037665E-4, "1841": 4.411021741605415E-5, "1842": 2.5729531881027017E-4, "1843": 1.9936658330082035E-4, "1844": 0.0023804156648995494, "1845": 8.886250022199622E-4, "1846": 3.034821676271721E-4, "1847": 0.004544679537453066, "1848": 1.4492465065533672E-5, "1849": 1.3463811190097971E-4, "1850": 1.8416024948477572E-4, "1851": 8.007071518503564E-4, "1852": 1.848492899642871E-4, "1853": 3.0500092056194765E-6, "1854": 0.0, "1855": 2.5487925976740697E-5, "1856": 0.0, "1857": 1.913101156846987E-4, "1858": 0.0024881657810842638, "1859": 3.820688467400189E-5, "1860": 0.0018981173076549132, "1861": 0.002563893961061877, "1862": 1.5378955096665542E-4, "1863": 7.437000534302151E-4, "1864": 4.413141661365196E-4, "1865": 9.074631335411855E-7, "1866": 0.003449691373169506, "1867": 7.9720912505595E-4, "1868": 3.633151720511571E-4, "1869": 1.0029226612458392E-5, "1870": 7.843593452514404E-5, "1871": 4.2715606932879855E-4, "1872": 2.248422095167918E-4, "1873": 1.7198752873747784E-5, "1874": 2.0231351029842068E-6, "1875": 1.0245307821506802E-4, "1876": 0.001963233409354632, "1877": 1.0335037316647788E-4, "1878": 4.333730965261732E-5, "1879": 2.930691750967492E-4, "1880": 5.396802857109792E-5, "1881": 0.0034605154097694262, "1882": 2.708232950169987E-4, "1883": 2.017576377749971E-4, "1884": 8.086901108347645E-6, "1885": 3.106615384182194E-4, "1886": 0.0011293255623832119, "1887": 3.6280535634006316E-6, "1888": 0.0030949940979450264, "1889": 0.0025356396433686996, "1890": 0.004827138536812327, "1891": 1.7251957949496449E-4, "1892": 1.4720541990196596E-7, "1893": 7.215330521707782E-4, "1894": 0.003352038374842524, "1895": 9.220745421157914E-4, "1896": 4.571282213582966E-4, "1897": 6.168473891105009E-4, "1898": 1.732714035257886E-4, "1899": 8.466627713069303E-4, "1900": 4.3433405019671524E-5, "1901": 3.9191777273739673E-4, "1902": 8.884384991597042E-4, "1903": 7.647860685295654E-5, "1904": 1.4830929147888354E-4, "1905": 7.929952686500077E-5, "1906": 7.791220197323529E-5, "1907": 5.687968267850445E-4, "1908": 1.6217470222949266E-4, "1909": 0.0033050056509086176, "1910": 8.042701754964976E-4, "1911": 0.0011308443525310792 }'),
(RANDOM_UUID(), 20, '7d2d744d-fa0b-4199-b96c-519892f95e89', 90, '3eebbcc9-e33f-46fa-b0de-a5c4d52840d6', '{"512": 6.744545518088514E-4, "513": 0.006726175005390446, "514": 0.0030705556170487766, "515": 0.002168843793594671, "516": 0.0013010722097713924, "517": 0.004760521092023346, "518": 0.001141889896333887, "519": 8.067672141835459E-4, "520": 0.002049535711121019, "521": 1.4351765054940524E-4, "522": 6.326926099505091E-5, "523": 0.002264212129195322, "524": 0.0015213431043698332, "525": 0.005947350795335873, "526": 3.794599087937643E-4, "527": 0.001235079751101964, "528": 3.766103756896787E-4, "529": 2.94165838512881E-4, "530": 1.2262099485194062E-5, "531": 0.006884536893372758, "532": 0.01569082290926201, "533": 4.506212449161169E-4, "534": 4.503727497106851E-4, "535": 1.0439626038102742E-4, "536": 3.5451900298477267E-4, "537": 5.238778056445272E-4, "538": 0.0021439198741010352, "539": 0.0032284880158927, "540": 2.41870327466581E-4, "541": 3.8726110999451747E-4, "542": 0.003176479224003516, "543": 0.0014078617014073168, "544": 0.003022644696979523, "545": 0.0025377093256929717, "546": 0.0020542360023436236, "34": 5.146348733480277E-5, "547": 0.0013198521590278094, "548": 0.0014346351610551162, "549": 0.043435781620939744, "551": 1.9780443244577856E-4, "552": 2.615733395498109E-4, "553": 0.006088561501673917, "554": 0.0010307608365215063, "555": 0.0027800334426601597, "556": 0.0017357432963650058, "557": 0.0017946282418458193, "558": 4.497804871850312E-4, "559": 0.0031497521886958897, "560": 0.001124573019429186, "561": 0.006379599398840713, "562": 2.2012231288207843E-5, "563": 0.05060397658462422, "564": 0.0023037130660449046, "565": 2.0927907767924074E-4, "566": 0.0012726166081823262, "567": 0.004309371164758173, "568": 3.4992533113953957E-4, "569": 1.0150659602223508E-4, "570": 0.001990145275194958, "571": 0.0, "572": 0.0, "173": 9.143289395875857E-4, "198": 0.038955258910415846, "349": 3.3345324825145444E-6, "350": 0.009825648637346418, "351": 0.002187325057280214, "352": 3.2031927075784817E-4, "353": 0.0032292161315045733, "354": 8.162520716529173E-4, "355": 0.0027949121279116384, "356": 1.332569239787042E-4, "357": 7.393804721364485E-4, "359": 0.002685233576798038, "360": 0.0023179704295218655, "361": 0.0027256733934988286, "362": 5.556306749615274E-4, "363": 0.002266756552297835, "364": 5.0883683170678686E-5, "365": 4.679142437414856E-6, "366": 0.0012680507184063164, "367": 0.0015998736815631923, "368": 0.002177138176664879, "369": 0.005733561421032318, "370": 0.004255285114408564, "371": 1.604360613150524E-5, "372": 0.0022169189545969683, "373": 0.02713896374643731, "374": 0.003559293005503783, "375": 1.3460579127774085E-5, "376": 0.02074838403188366, "377": 0.0, "378": 0.0026184067302916624, "379": 0.0, "380": 1.2294486672754257E-5, "381": 7.328467313811504E-5, "382": 3.8068921282524887E-5, "383": 0.004484304932735425, "384": 2.615733395498109E-4, "385": 2.391440701948519E-6, "386": 0.004484304932735427, "387": 0.01373018281096567, "388": 8.037606383614631E-4, "389": 0.001482229267725397, "390": 2.06172175309708E-5, "391": 0.0035859412408797415, "392": 3.4320033689106327E-4, "393": 0.0, "394": 3.010260066287446E-4, "395": 0.003211998517084743, "396": 6.337436405711025E-4, "397": 0.014325947146627617, "398": 8.345451091680956E-4, "399": 1.0965481817499754E-5, "400": 0.002508517774834211, "401": 0.0, "402": 0.0028812303040029554, "403": 2.552581073947637E-4, "404": 0.0028799077413508545, "405": 0.0011325414746327696, "406": 0.0012671503723347493, "407": 9.582177192500889E-4, "408": 0.00276091615585217, "409": 0.0012048795269298661, "410": 4.083589201879442E-4, "411": 3.123300970526422E-4, "412": 0.0323377090985647, "413": 6.719585938389824E-4, "414": 0.007914954795334857, "415": 8.849098384642397E-4, "416": 3.70898557799191E-4, "417": 0.0016865873418257047, "418": 0.001052187202758168, "419": 0.022748058967417543, "420": 2.1973959941617475E-4, "421": 0.0020176531570630335, "422": 0.0023908478315316133, "423": 0.0011880943165219864, "424": 2.7861241784440883E-4, "425": 0.0011558280053780878, "426": 4.2768192229764165E-4, "427": 0.00415771054065158, "428": 0.02238777054251321, "429": 4.1549523924718475E-5, "430": 0.0012224077564981187, "431": 0.009721085411943869, "432": 0.005140016274912108, "433": 3.44565679420945E-4, "434": 0.004815656749414502, "435": 7.820079335292769E-4, "436": 0.0025998916157459304, "437": 0.018695138462433133, "438": 0.0020975216847963006, "439": 0.0021169569606008087, "440": 3.826159307379762E-4, "441": 1.0965481817499754E-5, "442": 2.028973565432608E-4, "443": 0.0, "444": 0.0027395583294310146, "445": 5.653560128653325E-4, "446": 2.455663541630868E-4, "448": 0.0, "449": 3.6625749477040915E-4, "450": 5.059098811379168E-4, "451": 1.3574624452383004E-4, "452": 0.0033436741696173428, "453": 0.008948410293701775, "454": 0.0, "455": 0.007281351707112963, "456": 0.004964546157746497, "457": 0.0016260667743863441, "458": 0.001547112910295915, "459": 1.9091710459721566E-4, "460": 0.011597014960514723, "461": 0.0010678312187753166, "462": 0.01650214994533028, "463": 0.02060782821521332, "464": 4.952426477090153E-4, "465": 0.003938216232845697, "466": 4.568950757291564E-6, "467": 0.0, "468": 0.0, "469": 0.0028463946651763068, "470": 3.6333285487827826E-4, "471": 4.160666696446936E-4, "472": 0.004307750408057365, "473": 0.0010999214336104683, "474": 1.4486986389546512E-4, "475": 0.015396491790276612, "476": 0.0, "477": 2.5814186889060354E-4, "478": 1.948784852355963E-4, "479": 7.204305853279937E-4, "480": 1.5700326327511613E-4, "481": 0.0022732291922004703, "482": 5.380366248533085E-4, "483": 0.00492759632403689, "484": 0.002385588752031678, "485": 0.0, "486": 2.664332744911076E-4, "487": 0.0011755224430740653, "488": 2.988311818072931E-4, "489": 5.729861245410586E-4, "490": 2.454707310232325E-4, "491": 7.107464061455038E-5, "492": 0.0018212861783812552, "493": 0.004186450663020893, "494": 4.368081139235706E-4, "495": 1.6626627468024213E-4, "496": 0.0026285902998683746, "497": 0.012723096846184171, "498": 0.015780175440378793, "499": 0.0, "500": 0.009914385769906185, "501": 1.0965481817499754E-5, "502": 8.953806307030941E-5, "503": 0.0024426674684364827, "504": 0.011932535606363783, "505": 1.9457926582132023E-4, "506": 0.003459890102978894, "507": 0.0061517811027189395, "508": 0.002010062161775793, "509": 2.3454779783647114E-4, "510": 0.001764510873063361, "511": 1.7279164259080163E-4 }'),
(RANDOM_UUID(), 20, '4b80d4ec-cb47-44a3-9bb6-8175d5dadf63', 90, '3eebbcc9-e33f-46fa-b0de-a5c4d52840d6', '{"512": 6.744545518088514E-4, "513": 0.006726175005390446, "514": 0.0030705556170487766, "515": 0.002168843793594671, "516": 0.0013010722097713924, "517": 0.004760521092023346, "518": 0.001141889896333887, "519": 8.067672141835459E-4, "520": 0.002049535711121019, "521": 1.4351765054940524E-4, "522": 6.326926099505091E-5, "523": 0.002264212129195322, "524": 0.0015213431043698332, "525": 0.005947350795335873, "526": 3.794599087937643E-4, "527": 0.001235079751101964, "528": 3.766103756896787E-4, "529": 2.94165838512881E-4, "530": 1.2262099485194062E-5, "531": 0.006884536893372758, "532": 0.01569082290926201, "533": 4.506212449161169E-4, "534": 4.503727497106851E-4, "535": 1.0439626038102742E-4, "536": 3.5451900298477267E-4, "537": 5.238778056445272E-4, "538": 0.0021439198741010352, "539": 0.0032284880158927, "540": 2.41870327466581E-4, "541": 3.8726110999451747E-4, "542": 0.003176479224003516, "543": 0.0014078617014073168, "544": 0.003022644696979523, "545": 0.0025377093256929717, "546": 0.0020542360023436236, "34": 5.146348733480277E-5, "547": 0.0013198521590278094, "548": 0.0014346351610551162, "549": 0.043435781620939744, "551": 1.9780443244577856E-4, "552": 2.615733395498109E-4, "553": 0.006088561501673917, "554": 0.0010307608365215063, "555": 0.0027800334426601597, "556": 0.0017357432963650058, "557": 0.0017946282418458193, "558": 4.497804871850312E-4, "559": 0.0031497521886958897, "560": 0.001124573019429186, "561": 0.006379599398840713, "562": 2.2012231288207843E-5, "563": 0.05060397658462422, "564": 0.0023037130660449046, "565": 2.0927907767924074E-4, "566": 0.0012726166081823262, "567": 0.004309371164758173, "568": 3.4992533113953957E-4, "569": 1.0150659602223508E-4, "570": 0.001990145275194958, "571": 0.0, "572": 0.0, "173": 9.143289395875857E-4, "198": 0.038955258910415846, "349": 3.3345324825145444E-6, "350": 0.009825648637346418, "351": 0.002187325057280214, "352": 3.2031927075784817E-4, "353": 0.0032292161315045733, "354": 8.162520716529173E-4, "355": 0.0027949121279116384, "356": 1.332569239787042E-4, "357": 7.393804721364485E-4, "359": 0.002685233576798038, "360": 0.0023179704295218655, "361": 0.0027256733934988286, "362": 5.556306749615274E-4, "363": 0.002266756552297835, "364": 5.0883683170678686E-5, "365": 4.679142437414856E-6, "366": 0.0012680507184063164, "367": 0.0015998736815631923, "368": 0.002177138176664879, "369": 0.005733561421032318, "370": 0.004255285114408564, "371": 1.604360613150524E-5, "372": 0.0022169189545969683, "373": 0.02713896374643731, "374": 0.003559293005503783, "375": 1.3460579127774085E-5, "376": 0.02074838403188366, "377": 0.0, "378": 0.0026184067302916624, "379": 0.0, "380": 1.2294486672754257E-5, "381": 7.328467313811504E-5, "382": 3.8068921282524887E-5, "383": 0.004484304932735425, "384": 2.615733395498109E-4, "385": 2.391440701948519E-6, "386": 0.004484304932735427, "387": 0.01373018281096567, "388": 8.037606383614631E-4, "389": 0.001482229267725397, "390": 2.06172175309708E-5, "391": 0.0035859412408797415, "392": 3.4320033689106327E-4, "393": 0.0, "394": 3.010260066287446E-4, "395": 0.003211998517084743, "396": 6.337436405711025E-4, "397": 0.014325947146627617, "398": 8.345451091680956E-4, "399": 1.0965481817499754E-5, "400": 0.002508517774834211, "401": 0.0, "402": 0.0028812303040029554, "403": 2.552581073947637E-4, "404": 0.0028799077413508545, "405": 0.0011325414746327696, "406": 0.0012671503723347493, "407": 9.582177192500889E-4, "408": 0.00276091615585217, "409": 0.0012048795269298661, "410": 4.083589201879442E-4, "411": 3.123300970526422E-4, "412": 0.0323377090985647, "413": 6.719585938389824E-4, "414": 0.007914954795334857, "415": 8.849098384642397E-4, "416": 3.70898557799191E-4, "417": 0.0016865873418257047, "418": 0.001052187202758168, "419": 0.022748058967417543, "420": 2.1973959941617475E-4, "421": 0.0020176531570630335, "422": 0.0023908478315316133, "423": 0.0011880943165219864, "424": 2.7861241784440883E-4, "425": 0.0011558280053780878, "426": 4.2768192229764165E-4, "427": 0.00415771054065158, "428": 0.02238777054251321, "429": 4.1549523924718475E-5, "430": 0.0012224077564981187, "431": 0.009721085411943869, "432": 0.005140016274912108, "433": 3.44565679420945E-4, "434": 0.004815656749414502, "435": 7.820079335292769E-4, "436": 0.0025998916157459304, "437": 0.018695138462433133, "438": 0.0020975216847963006, "439": 0.0021169569606008087, "440": 3.826159307379762E-4, "441": 1.0965481817499754E-5, "442": 2.028973565432608E-4, "443": 0.0, "444": 0.0027395583294310146, "445": 5.653560128653325E-4, "446": 2.455663541630868E-4, "448": 0.0, "449": 3.6625749477040915E-4, "450": 5.059098811379168E-4, "451": 1.3574624452383004E-4, "452": 0.0033436741696173428, "453": 0.008948410293701775, "454": 0.0, "455": 0.007281351707112963, "456": 0.004964546157746497, "457": 0.0016260667743863441, "458": 0.001547112910295915, "459": 1.9091710459721566E-4, "460": 0.011597014960514723, "461": 0.0010678312187753166, "462": 0.01650214994533028, "463": 0.02060782821521332, "464": 4.952426477090153E-4, "465": 0.003938216232845697, "466": 4.568950757291564E-6, "467": 0.0, "468": 0.0, "469": 0.0028463946651763068, "470": 3.6333285487827826E-4, "471": 4.160666696446936E-4, "472": 0.004307750408057365, "473": 0.0010999214336104683, "474": 1.4486986389546512E-4, "475": 0.015396491790276612, "476": 0.0, "477": 2.5814186889060354E-4, "478": 1.948784852355963E-4, "479": 7.204305853279937E-4, "480": 1.5700326327511613E-4, "481": 0.0022732291922004703, "482": 5.380366248533085E-4, "483": 0.00492759632403689, "484": 0.002385588752031678, "485": 0.0, "486": 2.664332744911076E-4, "487": 0.0011755224430740653, "488": 2.988311818072931E-4, "489": 5.729861245410586E-4, "490": 2.454707310232325E-4, "491": 7.107464061455038E-5, "492": 0.0018212861783812552, "493": 0.004186450663020893, "494": 4.368081139235706E-4, "495": 1.6626627468024213E-4, "496": 0.0026285902998683746, "497": 0.012723096846184171, "498": 0.015780175440378793, "499": 0.0, "500": 0.009914385769906185, "501": 1.0965481817499754E-5, "502": 8.953806307030941E-5, "503": 0.0024426674684364827, "504": 0.011932535606363783, "505": 1.9457926582132023E-4, "506": 0.003459890102978894, "507": 0.0061517811027189395, "508": 0.002010062161775793, "509": 2.3454779783647114E-4, "510": 0.001764510873063361, "511": 1.7279164259080163E-4 }'),
(RANDOM_UUID(), 10, '70cbe3e8-d6fa-4f2d-9903-8967b1f40bdf', 10, '0da9b871-c35a-40df-a10f-52a7312f6cc0', '2');